date,title_el,title_en,who_el,who_en,what_el,what_en,where_el,where_en,when_el,when_en,why_el,why_en,lat,lng,region_el,region_en,photo_url,actor_photos,actor_names_el,actor_names_en,sources,youtube_url,chart_type,chart_data,tags_el,tags_en
2023-02-28,Ορίζεται ο πραγματογνώμονας Πατζόπουλος,Expert Patzopoulos is appointed,Αστυνομικός της Τροχαίας και ο πραγματογνώμονας Πατζόπουλος.,Traffic police officer and ο expert witness Patzopoulos.,"Ο Πατζόπουλος ορίζεται πραγματογνώμονας, παρότι είναι υπάλληλος της Περιφέρειας.","The Patzopoulos ορίζεται expert witness, παρότι είναι υπάλληλος of the Region of Thessalyς.",Λάρισα / πεδίο διερεύνησης της σύγκρουσης.,Larisa / πεδίο διερεύνησης of the σύγκρουσης.,"2023-02-28, το βράδυ της σύγκρουσης.","2023-02-28, το βράδυ of the σύγκρουσης.",Αναλαμβάνει να λειτουργήσει ως τεχνικός πραγματογνώμονας για την υπόθεση του δυστυχήματος.,Αναλαμβάνει to λειτουργήσει ως τεχνικός expert witness for the υπόθεση of the δυστυχήματος.,39.6390,22.4191,Θεσσαλία,Thessaly,,,Πατζόπουλος,Patzopoulos,"Συνέντευξη 05/04/2026, γραμμή 23::file:///Users/troboukis/Code/timeline-app/tempi/videos-trial/source-transcriptions/konstantopoulou_5_4_2026.txt",,,,πραγματογνωμοσύνη|πρόσωπα,expert_report|people
2023-02-28,Σιδηροδρομικό δυστύχημα στα Τέμπη,Tempi railway disaster,"Επιβατική και εμπορική αμαξοστοιχία, επιβάτες, εργαζόμενοι και κρατικές αρχές.","Επιβατική and freight train, passengers, workers and state authorities.",Συγκρούονται οι δύο αμαξοστοιχίες και ανοίγει η υπόθεση που αργότερα συνδέεται και με τη διαχείριση του βιντεοληπτικού υλικού.,Συγκρούονται οι δύο αμαξοστοιχίες and ανοίγει η υπόθεση που αργότερα συνδέεται and with τη διαχείριση of the βιντεοληπτικού υλικού.,"Περιοχή Τεμπών, Ελλάδα.","Tempi area, Greece.",2023-02-28.,2023-02-28.,"Το δυστύχημα είναι το αρχικό γεγονός που ενεργοποιεί ανακριτικές πράξεις, πραγματογνωμοσύνες και διαμάχη για τα βίντεο.","The δυστύχημα είναι το αρχικό γεγονός που ενεργοποιεί ανακριτικές πράξεις, πραγματογνωμοσύνες and διαμάχη for τα βίντεο.",39.8796,22.5887,Θεσσαλία,Thessaly,,,,,Reuters 2025::NaN|Ημερησία 28/03/2025::https://www.imerisia.gr/koinonia/107697_tempi-gnisia-ta-binteo-tis-interstar-leei-i-elas,https://youtu.be/FbaXw-Dd0xo?si=2q6arLslMaxiXZ3U,,,δυστύχημα|αφετηρία,accident|origin
2023-03-01,Καταγράφεται οπτικό υλικό στο πεδίο,Visual material is recorded at the scene,Ο πραγματογνώμονας Πατζόπουλος.,The expert witness Patzopoulos.,Καταγράφει φωτογραφίες και βίντεο με κινητό τηλέφωνο από το πεδίο της σύγκρουσης.,Καταγράφει φωτογραφίες and βίντεο with κινητό τηλέφωνο from το πεδίο of the σύγκρουσης.,Σημείο του δυστυχήματος στα Τέμπη.,Site of the Tempi crash.,2023-03-01.,2023-03-01.,Το υλικό παρουσιάζεται ως μέρος της τεχνικής αποτύπωσης του συμβάντος.,The υλικό παρουσιάζεται ως μέρος of the τεχνικής αποτύπωσης of the συμβάντος.,39.8796,22.5887,Θεσσαλία,Thessaly,,,Πατζόπουλος,Patzopoulos,"Larissanet 06/03/2026::NaN|Συνέντευξη 05/04/2026, γραμμή 23::file:///Users/troboukis/Code/timeline-app/tempi/videos-trial/source-transcriptions/konstantopoulou_5_4_2026.txt",,,,πραγματογνωμοσύνη|βίντεο,expert_report|videos
2025-02-05,Παραδίδονται τρία νέα βίντεο στον εφέτη ανακριτή,Three new videos are delivered to the appellate investigating judge,"Η εταιρεία Interstar, ο δικηγόρος Βασίλης Καπερνάρος και ο εφέτης ανακριτής.","Interstar, ο δικηγόρος Vasilis Kapernaros and ο appellate investigating judge.",Κατατίθενται τρία βίντεο που φέρονται να δείχνουν την εμπορική αμαξοστοιχία λίγο πριν από τη σύγκρουση.,Κατατίθενται τρία βίντεο που φέρονται to δείχνουν the freight train λίγο πριν from τη σύγκρουση.,Ανακριτική διαδικασία για την υπόθεση των Τεμπών.,Investigative process in the Tempi case.,2025-02-05.,2025-02-05.,Η Interstar επιδιώκει να εισαγάγει νέο οπτικό υλικό στη δικογραφία σχεδόν δύο χρόνια μετά το δυστύχημα.,The Interstar επιδιώκει to εισαγάγει νέο οπτικό υλικό at the δικογραφία σχεδόν δύο χρόνια μετά το δυστύχημα.,39.8796,22.5887,Θεσσαλία,Thessaly,,,Βασίλης Καπερνάρος,Vasilis Kapernaros,Ημερησία 28/03/2025::https://www.imerisia.gr/koinonia/107697_tempi-gnisia-ta-binteo-tis-interstar-leei-i-elas|NB Daily 28/03/2025::https://daily.nb.org/nomika-nea/tebi-gnisia-ta-vinteo-tis-eborikis-amaxostoichias/,,,,βίντεο|ανακριτική διαδικασία,videos|investigative_process
2025-02-13,Κατατίθεται μήνυση για χαμένα αρχεία ήχου και εικόνας,A criminal complaint is filed over missing audio and image files,Συγγενείς θυμάτων και ο δικηγόρος τους Βασίλης Σωτηρόπουλος.,Συγγενείς θυμάof the and ο δικηγόρος τους Vasilis Sotiropoulos.,"Καταθέτουν μήνυση κατά του εφέτη ανακριτή για εκατοντάδες χιλιάδες αρχεία ήχου και εικόνας που, όπως υποστηρίζουν, λείπουν από το αποδεικτικό υλικό.","Καταθέτουν μήνυση κατά of the εφέτη ανακριτή for εκατοντάδες χιλιάδες αρχεία ήχου and εικόνας που, όπως υποστηρίζουν, λείπουν from το αποδεικτικό υλικό.",Εισαγγελία Πρωτοδικών Λάρισας.,Larisa First Instance Prosecutor's Office.,2025-02-13.,2025-02-13.,Επιχειρούν να ανοίξουν νέα ποινική διερεύνηση για τον χειρισμό κρίσιμων ψηφιακών δεδομένων της υπόθεσης.,Επιχειρούν to ανοίξουν νέα ποινική διερεύνηση for the χειρισμό κρίσιμων ψηφιακών δεδομένων of the υπόθεσης.,39.6390,22.4191,Θεσσαλία,Thessaly,,,Βασίλης Σωτηρόπουλος,Vasilis Sotiropoulos,Reporter 13/02/2025::NaN|News247 14/02/2025::NaN,,,,μηνύσεις|βίντεο|αρχεία,complaints|videos|files
2025-02-13,Οι πραγματογνώμονες ταυτοποιούν την αμαξοστοιχία στα νέα βίντεο,Experts identify the train in the new videos,Οι δικαστικοί πραγματογνώμονες Δημήτρης Κωνσταντόπουλος και Βασίλης Κοκοτσάκης.,The δικαστικοί πραγματογνώμονες Dimitris Konstantopoulos and Vasilis Kokotsakis.,Παραδίδουν έκθεση που αναφέρει ότι το εικονιζόμενο τρένο είναι η εμπορική αμαξοστοιχία και ότι δεν φαίνεται δηλωμένο παράνομο φορτίο στις συγκεκριμένες λήψεις.,Παραδίδουν έκθεση που αναφέρει ότι το εικονιζόμενο τρένο είναι η freight train and ότι not φαίνεται δηλωμένο παράνομο φορτίο στις συγκεκριμένες λήψεις.,Ανακριτική διαδικασία για την υπόθεση των Τεμπών.,Investigative process in the Tempi case.,2025-02-13.,2025-02-13.,Καλούνται να αξιολογήσουν τη γνησιότητα και το περιεχόμενο των τριών βίντεο που κατατέθηκαν στις 5 Φεβρουαρίου.,Καλούνται to αξιολογήσουν τη γνησιότητα and το περιεχόμενο of the τριών βίντεο που κατατέθηκαν στις 5 Φεβρουαρίου.,39.8796,22.5887,Θεσσαλία,Thessaly,,,"Δημήτρης Κωνσταντόπουλος, Βασίλης Κοκοτσάκης","Dimitris Konstantopoulos, Vasilis Kokotsakis",Το Βήμα 14/02/2025::NaN|ProtoThema 14/02/2025::NaN,,,,βίντεο|πραγματογνωμοσύνη,videos|expert_report
2025-03-28,Γίνονται έφοδοι και κατασχέσεις καταγραφικών μετά την παράδοση των αρχείων,Raids and DVR seizures follow the delivery of the files,Αστυνομικές αρχές.,Police authorities.,Μετά την παράδοση των αρχείων αναφέρεται ότι έγιναν έφοδοι και κατασχέθηκαν καταγραφικά καμερών.,"After the files were delivered, raids reportedly took place and camera recorders were seized.",Αττική και Πλαταμώνας.,Attica and Platamonas.,2025-03-28 (δημοσιοποίηση αποτελεσμάτων).,2025-03-28 (publication of the findings).,Επηρεάζει την αλυσίδα κατοχής και τον έλεγχο αξιοπιστίας των ψηφιακών πειστηρίων.,It affects the chain of custody and the reliability review of the digital evidence.,39.9890,22.6282,Ελλάδα,Greece,,,,,Report PDF::file:///Users/troboukis/Downloads/%CE%91%CE%BD%CE%B1%CE%BB%CF%85%CF%84%CE%B9%CE%BA%CE%B7%CC%81%20%CF%87%CF%81%CE%BF%CE%BD%CE%BF%CE%B3%CF%81%CE%B1%CE%BC%CE%BC%CE%B7%CC%81%20%CE%B3%CE%B9%CE%B1%20%CF%84%CE%B1%20%CE%B2%CE%B9%CC%81%CE%BD%CF%84%CE%B5%CE%BF%20%CF%84%CE%BF%CF%85%20%CE%B4%CF%85%CF%83%CF%84%CF%85%CF%87%CE%B7%CC%81%CE%BC%CE%B1%CF%84%CE%BF%CF%82%20%CF%83%CF%84%CE%B1%20%CE%A4%CE%B5%CC%81%CE%BC%CF%80%CE%B7%20%CE%BA%CE%B1%CE%B9%20%CF%84%CE%B9%CF%82%20%CE%B4%CE%B9%CE%BA%CE%B1%CF%83%CF%84%CE%B9%CE%BA%CE%B5%CC%81%CF%82%20%CE%B5%CE%BE%CE%B5%CE%BB%CE%B9%CC%81%CE%BE%CE%B5%CE%B9%CF%82.pdf,,,,βίντεο|κατασχέσεις|αλυσίδα κατοχής,videos|seizures|chain_of_custody
2025-03-28,Η Διεύθυνση Εγκληματολογικών Ερευνών κρίνει γνήσια τα τρία αντίγραφα,The Directorate of Criminal Investigations deems the three copies genuine,Διεύθυνση Εγκληματολογικών Ερευνών της ΕΛ.ΑΣ.,Directorate of Criminal Investigations of the Hellenic Police,Δημοσιοποιείται ότι τα αντίγραφα των βίντεο που παραδόθηκαν στις 5 Φεβρουαρίου κρίθηκαν γνήσια.,Δημοσιοποιείται ότι τα αντίγραφα of the βίντεο που παραδόθηκαν στις 5 Φεβρουαρίου κρίθηκαν γνήσια.,Εργαστηριακή πραγματογνωμοσύνη της ΕΛ.ΑΣ.,Hellenic Police laboratory forensic examination,2025-03-28.,2025-03-28.,Η αστυνομική εργαστηριακή εξέταση ολοκληρώνει τον έλεγχο της αυθεντικότητας των αρχείων.,The αστυνομική εργαστηριακή εξέταση ολοκληρώνει the έλεγχο of the αυθεντικότητας of the αρχείων.,39.0742,21.8243,Ελλάδα,Greece,,,,,Ημερησία 28/03/2025::https://www.imerisia.gr/koinonia/107697_tempi-gnisia-ta-binteo-tis-interstar-leei-i-elas|NB Daily 28/03/2025::https://daily.nb.org/nomika-nea/tebi-gnisia-ta-vinteo-tis-eborikis-amaxostoichias/|Report PDF::file:///Users/troboukis/Downloads/%CE%91%CE%BD%CE%B1%CE%BB%CF%85%CF%84%CE%B9%CE%BA%CE%B7%CC%81%20%CF%87%CF%81%CE%BF%CE%BD%CE%BF%CE%B3%CF%81%CE%B1%CE%BC%CE%BC%CE%B7%CC%81%20%CE%B3%CE%B9%CE%B1%20%CF%84%CE%B1%20%CE%B2%CE%B9%CC%81%CE%BD%CF%84%CE%B5%CE%BF%20%CF%84%CE%BF%CF%85%20%CE%B4%CF%85%CF%83%CF%84%CF%85%CF%87%CE%B7%CC%81%CE%BC%CE%B1%CF%84%CE%BF%CF%82%20%CF%83%CF%84%CE%B1%20%CE%A4%CE%B5%CC%81%CE%BC%CF%80%CE%B7%20%CE%BA%CE%B1%CE%B9%20%CF%84%CE%B9%CF%82%20%CE%B4%CE%B9%CE%BA%CE%B1%CF%83%CF%84%CE%B9%CE%BA%CE%B5%CC%81%CF%82%20%CE%B5%CE%BE%CE%B5%CE%BB%CE%B9%CC%81%CE%BE%CE%B5%CE%B9%CF%82.pdf,,,,βίντεο|γνησιότητα,videos|authenticity
2025-05-10,Αποκαλύπτεται ότι η ύπαρξη των βίντεο ήταν γνωστή από νωρίτερα,It is revealed that the existence of the videos was known earlier,Ειδικός δικαστικός πραγματογνώμονας και ανακριτικές αρχές.,Ειδικός δικαστικός expert witness and ανακριτικές αρχές.,Γίνεται γνωστό ότι η ανεύρεση των τριών βίντεο είχε γνωστοποιηθεί στις αρχές ήδη από τον Νοέμβριο του 2024.,Γίνεται γνωστό ότι η ανεύρεση of the τριών βίντεο είχε γνωστοποιηθεί στις αρχές ήδη from the Νοέμβριο of the 2024.,Δικογραφία και δημόσια συζήτηση για τα Τέμπη.,Case file and public discussion about Tempi.,2025-05-10.,2025-05-10.,Η αποκάλυψη εγείρει ερωτήματα για το γιατί τα βίντεο μπήκαν αργότερα στη δημόσια και δικαστική συζήτηση.,The αποκάλυψη εγείρει ερωτήματα for το γιατί τα βίντεο μπήκαν αργότερα at the δημόσια and δικαστική συζήτηση.,39.8796,22.5887,Θεσσαλία,Thessaly,,,,,The Press Project 10/05/2025::NaN,,,,βίντεο|χρονισμός αποκάλυψης,videos|disclosure_timing
2025-06-12,Πρώτη δίκη για τα χαμένα βίντεο και αναβολή,First trial over the missing videos and adjournment,"Μονομελές Πλημμελειοδικείο Λάρισας, ο πρώην πρόεδρος του ΟΣΕ Σπύρος Πατέρας, ο διευθύνων σύμβουλος του ΟΣΕ Παναγιώτης Τερεζάκης, ο νόμιμος εκπρόσωπος της Interstar Security, συνήγοροι οικογενειών και υπεράσπιση.","Single-Member Misdemeanor Court of Larisa, ο πρώην πρόεδρος of the OSE Spyros Pateras, ο διευθύνων σύμβουλος of the OSE Panagiotis Terezakis, ο νόμιμος εκπρόσωπος of the Interstar Security, lawyers for the victims' families and defense.",Ξεκινά η πρώτη δίκη για τα εξαφανισμένα ή χαμένα βίντεο και δίνεται αναβολή με νέα δικάσιμο στις 15 Οκτωβρίου 2025.,The first trial over the missing videos opens and is adjourned to 15 October 2025.,Λάρισα.,Larisa.,2025-06-12.,2025-06-12.,Καταγράφεται ότι η διαχείριση του βιντεοληπτικού υλικού αποτέλεσε αυτοτελές ποινικό αντικείμενο πριν από την κύρια δίκη του δυστυχήματος.,It establishes that the handling of the video material became a standalone criminal case before the main Tempi trial.,39.6390,22.4191,Θεσσαλία,Thessaly,,,"Σπύρος Πατέρας, Παναγιώτης Τερεζάκης","Spyros Pateras, Panagiotis Terezakis",LarissaPress 11/06/2025::https://www.larissapress.gr/2025/06/11/sti-larisa-simera-i-proti-diki-pou-schetizetai-me-tin-tragodia-sta-tempi/|Euro2day 11/06/2025::NaN|OnLarissa 30/10/2025::NaN|Report PDF::file:///Users/troboukis/Downloads/%CE%91%CE%BD%CE%B1%CE%BB%CF%85%CF%84%CE%B9%CE%BA%CE%B7%CC%81%20%CF%87%CF%81%CE%BF%CE%BD%CE%BF%CE%B3%CF%81%CE%B1%CE%BC%CE%BC%CE%B7%CC%81%20%CE%B3%CE%B9%CE%B1%20%CF%84%CE%B1%20%CE%B2%CE%B9%CC%81%CE%BD%CF%84%CE%B5%CE%BF%20%CF%84%CE%BF%CF%85%20%CE%B4%CF%85%CF%83%CF%84%CF%85%CF%87%CE%B7%CC%81%CE%BC%CE%B1%CF%84%CE%BF%CF%82%20%CF%83%CF%84%CE%B1%20%CE%A4%CE%B5%CC%81%CE%BC%CF%80%CE%B7%20%CE%BA%CE%B1%CE%B9%20%CF%84%CE%B9%CF%82%20%CE%B4%CE%B9%CE%BA%CE%B1%CF%83%CF%84%CE%B9%CE%BA%CE%B5%CC%81%CF%82%20%CE%B5%CE%BE%CE%B5%CE%BB%CE%B9%CC%81%CE%BE%CE%B5%CE%B9%CF%82.pdf,,,,διαδικασία|δικάσιμοι|κατηγορούμενοι,procedure|hearings|defendants
2025-09-08,Η κύρια ανάκριση κλείνει με 36 κατηγορουμένους,The main investigation closes with 36 defendants,Ο εφέτης ανακριτής και η Εισαγγελία Εφετών Λάρισας.,The appellate investigating judge and the Larisa Court of Appeal prosecutor's office.,Αναφέρεται ότι η κύρια ανάκριση έκλεισε με 36 κατηγορουμένους και ο φάκελος διαβιβάστηκε στην Εισαγγελία Εφετών Λάρισας.,The main investigation is reported to have closed with 36 defendants and the file was forwarded to the Larisa Court of Appeal prosecutor's office.,Λάρισα.,Larisa.,"2025-09-08, 18:53.","2025-09-08, 18:53.",Αποτελεί καθοριστικό ορόσημο πριν από τον προσδιορισμό και την έναρξη της κύριας δίκης.,It is a decisive milestone before the scheduling and opening of the main trial.,39.6390,22.4191,Θεσσαλία,Thessaly,,,,,Report PDF::file:///Users/troboukis/Downloads/%CE%91%CE%BD%CE%B1%CE%BB%CF%85%CF%84%CE%B9%CE%BA%CE%B7%CC%81%20%CF%87%CF%81%CE%BF%CE%BD%CE%BF%CE%B3%CF%81%CE%B1%CE%BC%CE%BC%CE%B7%CC%81%20%CE%B3%CE%B9%CE%B1%20%CF%84%CE%B1%20%CE%B2%CE%B9%CC%81%CE%BD%CF%84%CE%B5%CE%BF%20%CF%84%CE%BF%CF%85%20%CE%B4%CF%85%CF%83%CF%84%CF%85%CF%87%CE%B7%CC%81%CE%BC%CE%B1%CF%84%CE%BF%CF%82%20%CF%83%CF%84%CE%B1%20%CE%A4%CE%B5%CC%81%CE%BC%CF%80%CE%B7%20%CE%BA%CE%B1%CE%B9%20%CF%84%CE%B9%CF%82%20%CE%B4%CE%B9%CE%BA%CE%B1%CF%83%CF%84%CE%B9%CE%BA%CE%B5%CC%81%CF%82%20%CE%B5%CE%BE%CE%B5%CE%BB%CE%B9%CC%81%CE%BE%CE%B5%CE%B9%CF%82.pdf,,,,κύρια δίκη|ανάκριση|κατηγορούμενοι,main_trial|investigation|defendants
2025-10-14,Ορίζεται η έναρξη της κύριας δίκης για τις 23 Μαρτίου 2026,The opening of the main trial is set for 23 March 2026,Η Εισαγγελία Εφετών Λάρισας.,The Larisa Court of Appeal prosecutor's office.,"Ορίζεται ως ημερομηνία έναρξης της κύριας δίκης η 23η Μαρτίου 2026, με τόπο διεξαγωγής τον χώρο Γαιόπολις.","23 March 2026 is set as the start date of the main trial, with Gaiopolis as the venue.","Λάρισα, Γαιόπολις, Πανεπιστήμιο Θεσσαλίας.","Larisa, Gaiopolis, University of Thessaly.",2025-10-14 (δημοσίευση/ορισμός).,2025-10-14 (publication/scheduling).,Μεταβαίνει η υπόθεση από την ανάκριση στην ακροαματική διαδικασία.,The case moves from investigation to the trial phase.,39.6374,22.3795,Θεσσαλία,Thessaly,,,,,Report PDF::file:///Users/troboukis/Downloads/%CE%91%CE%BD%CE%B1%CE%BB%CF%85%CF%84%CE%B9%CE%BA%CE%B7%CC%81%20%CF%87%CF%81%CE%BF%CE%BD%CE%BF%CE%B3%CF%81%CE%B1%CE%BC%CE%BC%CE%B7%CC%81%20%CE%B3%CE%B9%CE%B1%20%CF%84%CE%B1%20%CE%B2%CE%B9%CC%81%CE%BD%CF%84%CE%B5%CE%BF%20%CF%84%CE%BF%CF%85%20%CE%B4%CF%85%CF%83%CF%84%CF%85%CF%87%CE%B7%CC%81%CE%BC%CE%B1%CF%84%CE%BF%CF%82%20%CF%83%CF%84%CE%B1%20%CE%A4%CE%B5%CC%81%CE%BC%CF%80%CE%B7%20%CE%BA%CE%B1%CE%B9%20%CF%84%CE%B9%CF%82%20%CE%B4%CE%B9%CE%BA%CE%B1%CF%83%CF%84%CE%B9%CE%BA%CE%B5%CC%81%CF%82%20%CE%B5%CE%BE%CE%B5%CE%BB%CE%B9%CC%81%CE%BE%CE%B5%CE%B9%CF%82.pdf,,,,κύρια δίκη|δικάσιμος|Γαιόπολις,main_trial|hearing|gaiopolis
2025-10-15,Απορρίπτεται νέο αίτημα αναβολής και η δίκη διακόπτεται,A new adjournment request is rejected and the trial is interrupted,"Πρόεδρος του δικαστηρίου, εισαγγελέας, ο πρώην πρόεδρος του ΟΣΕ Σπύρος Πατέρας, ο διευθύνων σύμβουλος του ΟΣΕ Παναγιώτης Τερεζάκης, ο νόμιμος εκπρόσωπος της Interstar Security, υπεράσπιση και πολιτική αγωγή.","Πρόεδρος of the δικαστηρίου, prosecutor, ο πρώην πρόεδρος of the OSE Spyros Pateras, ο διευθύνων σύμβουλος of the OSE Panagiotis Terezakis, ο νόμιμος εκπρόσωπος of the Interstar Security, defense and civil action side.","Το δικαστήριο απορρίπτει νέο αίτημα αναβολής, αλλά διακόπτει τη συνεδρίαση για τις 30 Οκτωβρίου 2025.","The court απορρίπτει νέο αίτημα αναβολής, αλλά διακόπτει τη συνεδρίαση for τις 30 Οκτωβρίου 2025.",Μονομελές Πλημμελειοδικείο Λάρισας.,Single-Member Misdemeanor Court of Larisa.,2025-10-15.,2025-10-15.,Η διαδικασία δεν ολοκληρώνεται την ίδια ημέρα και μεταφέρεται σε νέα δικάσιμο.,The διαδικασία not ολοκληρώνεται the ίδια ημέρα and μεταφέρεται in νέα δικάσιμο.,39.6390,22.4191,Θεσσαλία,Thessaly,,,"Σπύρος Πατέρας, Παναγιώτης Τερεζάκης","Spyros Pateras, Panagiotis Terezakis",Usay 15/10/2025::NaN|in.gr 15/10/2025::NaN|OnLarissa 30/10/2025::NaN,,,,διαδικασία|δικάσιμοι|κατηγορούμενοι,procedure|hearings|defendants
2025-10-15,Το δικαστήριο ζητά αυτοπρόσωπη παρουσία όλων των κατηγορουμένων,The court orders the personal appearance of all defendants,"Έδρα του δικαστηρίου, ο πρώην πρόεδρος του ΟΣΕ Σπύρος Πατέρας, ο διευθύνων σύμβουλος του ΟΣΕ Παναγιώτης Τερεζάκης και ο νόμιμος εκπρόσωπος της Interstar Security.","Έδρα of the δικαστηρίου, ο πρώην πρόεδρος of the OSE Spyros Pateras, ο διευθύνων σύμβουλος of the OSE Panagiotis Terezakis and ο νόμιμος εκπρόσωπος of the Interstar Security.",Η έδρα διατάσσει να παρευρεθούν αυτοπροσώπως όλοι οι κατηγορούμενοι στην επόμενη δικάσιμο.,The bench διατάσσει to παρευρεθούν αυτοπροσώπως όλοι οι defendants in the επόμενη δικάσιμο.,Μονομελές Πλημμελειοδικείο Λάρισας.,Single-Member Misdemeanor Court of Larisa.,2025-10-15.,2025-10-15.,Θέλει να διασφαλίσει πλήρη παρουσία των κατηγορουμένων στη συνέχιση της διαδικασίας.,Θέλει to διασφαλίσει πλήρη παρουσία of the κατηγορουμένων at the συνέχιση of the διαδικασίας.,39.6390,22.4191,Θεσσαλία,Thessaly,,,"Σπύρος Πατέρας, Παναγιώτης Τερεζάκης","Spyros Pateras, Panagiotis Terezakis","TheNewspaper 30/10/2025::NaN|Συνέντευξη 05/04/2026, γραμμή 23::file:///Users/troboukis/Code/timeline-app/tempi/videos-trial/source-transcriptions/konstantopoulou_5_4_2026.txt|OnLarissa 30/10/2025::NaN",,,,διαδικασία|κατηγορούμενοι,procedure|defendants
2025-10-30,Η δίκη διακόπτεται ξανά μέσα σε ένταση,The trial is interrupted again amid tension,"Δικαστήριο, ο πρώην πρόεδρος του ΟΣΕ Σπύρος Πατέρας, ο διευθύνων σύμβουλος του ΟΣΕ Παναγιώτης Τερεζάκης, ο νόμιμος εκπρόσωπος της Interstar Security, υπεράσπιση, συγγενείς θυμάτων και συνήγοροι.","Δικαστήριο, ο πρώην πρόεδρος of the OSE Spyros Pateras, ο διευθύνων σύμβουλος of the OSE Panagiotis Terezakis, ο νόμιμος εκπρόσωπος of the Interstar Security, defense, relatives of the victims and συνήγοροι.",Η συνεδρίαση διεξάγεται σε πολεμικό κλίμα και διακόπτεται για τις 28 Νοεμβρίου 2025.,The hearing διεξάγεται in πολεμικό κλίμα and διακόπτεται for τις 28 Νοεμβρίου 2025.,Λάρισα.,Larisa.,2025-10-30.,2025-10-30.,Η ένταση στην αίθουσα και η εκκρεμότητα της διαδικασίας δεν επιτρέπουν ολοκλήρωση της εξέτασης.,The ένταση in the αίθουσα and η εκκρεμότητα of the διαδικασίας not επιτρέπουν ολοκλήρωση of the εξέτασης.,39.6390,22.4191,Θεσσαλία,Thessaly,,,"Σπύρος Πατέρας, Παναγιώτης Τερεζάκης","Spyros Pateras, Panagiotis Terezakis",Larissanet 30/10/2025::NaN|TheNewspaper 30/10/2025::NaN|OnLarissa 30/10/2025::NaN,,,,διαδικασία|ένταση|κατηγορούμενοι,procedure|tension|defendants
2025-11-28,Η δίκη συνεχίζεται με παρόντες τους τρεις κατηγορουμένους,The trial continues with the three defendants present,"Ο πρώην πρόεδρος του ΟΣΕ Σπύρος Πατέρας, ο διευθύνων σύμβουλος του ΟΣΕ Παναγιώτης Τερεζάκης, ο νόμιμος εκπρόσωπος της Interstar Security, συγγενείς θυμάτων, συνήγοροι και δικαστήριο.","The πρώην πρόεδρος of the OSE Spyros Pateras, ο διευθύνων σύμβουλος of the OSE Panagiotis Terezakis, ο νόμιμος εκπρόσωπος of the Interstar Security, relatives of the victims, συνήγοροι and court.",Η δίκη επανεκκινεί και η έδρα διακόπτει προσωρινά για να βρεθεί μεγαλύτερη αίθουσα.,The trial επανεκκινεί and η έδρα διακόπτει προσωρινά for to βρεθεί μεγαλύτερη αίθουσα.,Μονομελές Πλημμελειοδικείο Λάρισας.,Single-Member Misdemeanor Court of Larisa.,2025-11-28.,2025-11-28.,Η σύνθεση του ακροατηρίου και ο μεγάλος αριθμός δικηγόρων απαιτούν μεγαλύτερο χώρο.,The σύνθεση of the ακροατηρίου and ο μεγάλος αριθμός δικηγόρων απαιτούν μεγαλύτερο χώρο.,39.6390,22.4191,Θεσσαλία,Thessaly,,,"Σπύρος Πατέρας, Παναγιώτης Τερεζάκης","Spyros Pateras, Panagiotis Terezakis",CNN.gr 28/11/2025::https://www.cnn.gr/ellada/story/507564/tempi-synexizetai-i-diki-gia-ta-vinteo-fortosis-tis-emporikis-amaksostoixias|OnLarissa 28/11/2025::NaN,,,,διαδικασία|ακροατήριο|κατηγορούμενοι,procedure|courtroom|defendants
2026-01-12,Ανοίγει αντιπαράθεση για τον τόπο φόρτωσης του εμπορικού τρένου,A dispute opens over the loading site of the freight train,"Δικηγόρος της Interstar, συγγενείς θυμάτων και δικαστήριο.","Δικηγόρος of the Interstar, relatives of the victims and court.","Κατατίθεται έγγραφο που υποστηρίζει ότι η φόρτωση έγινε στο «Τρίγωνο», σημείο χωρίς κάμερες.","Κατατίθεται έγγραφο που υποστηρίζει ότι η φόρτωση έγινε at the «Τρίγωνο», σημείο χωρίς κάμερες.",Δικαστικό Μέγαρο Λάρισας.,Larisa Courthouse.,2026-01-12.,2026-01-12.,Η υπεράσπιση επιχειρεί να εξηγήσει γιατί δεν υπάρχουν κάμερες από το σημείο φόρτωσης.,The defense επιχειρεί to εξηγήσει γιατί not υπάρχουν κάμερες from το σημείο φόρτωσης.,39.6390,22.4191,Θεσσαλία,Thessaly,,,,,Topontiki 12/01/2026::NaN,,,,βίντεο|υπεράσπιση,videos|defense
2026-01-23,Η Interstar παραδέχεται χειροκίνητες διαγραφές βίντεο,Interstar admits manual video deletions,"Εκπρόσωπος της Interstar, δικαστήριο, συγγενείς και συνήγοροι.","Εκπρόσωπος of the Interstar, court, συγγενείς and συνήγοροι.",Ο εκπρόσωπος της εταιρείας παραδέχεται ότι βίντεο από κάμερες ασφαλείας διαγράφηκαν χειροκίνητα.,The εκπρόσωπος of the εταιρείας παραδέχεται ότι βίντεο from κάμερες ασφαλείας διαγράφηκαν χειροκίνητα.,Δίκη για τα βίντεο στη Λάρισα.,Δίκη for τα βίντεο at the Larisa.,2026-01-23.,2026-01-23.,Υποστηρίζει ότι το υλικό δεν είχε καταγραφεί σωστά λόγω κακής ποιότητας σήματος.,Υποστηρίζει ότι το υλικό not είχε καταγραφεί σωστά λόγω κακής ποιότητας σήματος.,39.6390,22.4191,Θεσσαλία,Thessaly,,,,,Libre 23/01/2026::NaN,,,,βίντεο|διαγραφές,videos|deletions
2026-02-05,Ο Άρειος Πάγος απορρίπτει αίτημα αλλαγής τόπου διεξαγωγής,The Supreme Court rejects a request to change the venue,"Ο Άρειος Πάγος, με αναφορά σε αίτημα οκτώ συγγενών θυμάτων.","The Supreme Court, with reference to a request by eight victims' relatives.",Απορρίπτεται το αίτημα αλλαγής τόπου διεξαγωγής και η κύρια δίκη οριστικοποιείται ότι θα γίνει στη Λάρισα.,The request to change the venue is rejected and the main trial is finalized to take place in Larisa.,Λάρισα / Άρειος Πάγος.,Larisa / Supreme Court.,"2026-02-05, 11:09.","2026-02-05, 11:09.",Σταθεροποιεί τον τόπο διεξαγωγής της κύριας δίκης και επηρεάζει το καθεστώς πρόσβασης και δημοσιότητας.,It settles the venue of the main trial and affects access and publicity conditions.,39.6390,22.4191,Θεσσαλία,Thessaly,,,,,Report PDF::file:///Users/troboukis/Downloads/%CE%91%CE%BD%CE%B1%CE%BB%CF%85%CF%84%CE%B9%CE%BA%CE%B7%CC%81%20%CF%87%CF%81%CE%BF%CE%BD%CE%BF%CE%B3%CF%81%CE%B1%CE%BC%CE%BC%CE%B7%CC%81%20%CE%B3%CE%B9%CE%B1%20%CF%84%CE%B1%20%CE%B2%CE%B9%CC%81%CE%BD%CF%84%CE%B5%CE%BF%20%CF%84%CE%BF%CF%85%20%CE%B4%CF%85%CF%83%CF%84%CF%85%CF%87%CE%B7%CC%81%CE%BC%CE%B1%CF%84%CE%BF%CF%82%20%CF%83%CF%84%CE%B1%20%CE%A4%CE%B5%CC%81%CE%BC%CF%80%CE%B7%20%CE%BA%CE%B1%CE%B9%20%CF%84%CE%B9%CF%82%20%CE%B4%CE%B9%CE%BA%CE%B1%CF%83%CF%84%CE%B9%CE%BA%CE%B5%CC%81%CF%82%20%CE%B5%CE%BE%CE%B5%CE%BB%CE%B9%CC%81%CE%BE%CE%B5%CE%B9%CF%82.pdf,,,,κύρια δίκη|τόπος διεξαγωγής,main_trial|venue
2026-02-13,Αναγγέλλεται μήνυση κατά του Βασίλη Καπερνάρου,A criminal complaint against Vasilis Kapernaros is announced,"Ζωή Κωνσταντοπούλου, Πάνος Ρούτσι και Βασίλης Καπερνάρος.","Zoe Konstantopoulou, Πάνος Ρούτσι and Vasilis Kapernaros.",Ανακοινώνεται ότι θα υποβληθεί μήνυση κατά του Καπερνάρου για συμπεριφορές και παρεμβάσεις στη δίκη.,Ανακοινώνεται ότι θα υποβληθεί μήνυση κατά of the Καπερνάρου for συμπεριφορές and παρεμβάσεις at the δίκη.,Δικαστικό Μέγαρο Λάρισας.,Larisa Courthouse.,2026-02-13.,2026-02-13.,Η πολιτική αγωγή καταγγέλλει προσβλητική και παρεμποδιστική συμπεριφορά μέσα και γύρω από το ακροατήριο.,The civil action side καταγγέλλει προσβλητική and παρεμποδιστική συμπεριφορά μέσα and γύρω from το ακροατήριο.,39.6390,22.4191,Θεσσαλία,Thessaly,,,"Ζωή Κωνσταντοπούλου, Βασίλης Καπερνάρος","Zoe Konstantopoulou, Vasilis Kapernaros",ANT1 13/02/2026::NaN|Dikastiko 13/02/2026::NaN,,,,μηνύσεις|ένταση,complaints|tension
2026-02-13,Συνεχίζεται η κατάθεση του Αντώνη Ψαρόπουλου,The testimony of Antonis Psaropoulos continues,"Αντώνης Ψαρόπουλος, δικαστήριο και διάδικοι.","Antonis Psaropoulos, court and διάδικοι.",Η εξέταση του μάρτυρα συνεχίζεται και η δίκη παίρνει νέα δικάσιμο.,The εξέταση of the μάρτυρα συνεχίζεται and η δίκη παίρνει νέα δικάσιμο.,Λάρισα.,Larisa.,2026-02-13.,2026-02-13.,Η κατάθεση δεν ολοκληρώνεται στην ίδια συνεδρίαση.,The κατάθεση not ολοκληρώνεται in the ίδια συνεδρίαση.,39.6390,22.4191,Θεσσαλία,Thessaly,,,Αντώνης Ψαρόπουλος,Antonis Psaropoulos,Larissanet 13/02/2026::NaN,,,,διαδικασία|μάρτυρες,procedure|witnesses
2026-02-24,Απορρίπτεται αίτημα να κληθεί ο εφέτης ανακριτής ως μάρτυρας,A request to call the appellate investigating judge as a witness is rejected,"Δικαστήριο, πολιτική αγωγή και εφέτης ανακριτής Σωτήρης Μπακαΐμης.","Δικαστήριο, civil action side and appellate investigating judge Sotiris Bakaimis.",Το δικαστήριο συνεχίζει την εξέταση μαρτύρων και απορρίπτει αίτημα να κληθεί ο εφέτης ανακριτής.,The court συνεχίζει the εξέταση μαρτύρων and απορρίπτει αίτημα to κληθεί ο appellate investigating judge.,Μονομελές Πλημμελειοδικείο Λάρισας.,Single-Member Misdemeanor Court of Larisa.,2026-02-24.,2026-02-24.,Η έδρα κρίνει ότι η εξέταση του συγκεκριμένου μάρτυρα δεν πρέπει να προστεθεί στη φάση εκείνη.,The bench κρίνει ότι η εξέταση of the συγκεκριμένου μάρτυρα not πρέπει to προστεθεί at the φάση εκείνη.,39.6390,22.4191,Θεσσαλία,Thessaly,,,Σωτήρης Μπακαΐμης,Sotiris Bakaimis,OnLarissa 24/02/2026::NaN|Ieidiseis 24/02/2026::NaN,,,,διαδικασία|μάρτυρες,procedure|witnesses
2026-03-05,Αναφέρεται καθυστερημένο αίτημα για βίντεο από τους Νέους Πόρους,A delayed request for video from Neoi Poroi is reported,Δικαστικός πραγματογνώμονας.,Judicial expert witness.,Αναφέρεται ότι ζητήθηκε βίντεο από τον σταθμό Νέων Πόρων 16 ημέρες μετά το δυστύχημα και δόθηκε απάντηση ότι τέτοιο υλικό δεν διατηρήθηκε.,It is reported that footage from Neoi Poroi station was requested 16 days after the crash and the reply was that such material had not been retained.,Λάρισα / Νέοι Πόροι.,Larisa / Neoi Poroi.,"2026-03-05, 16:18.","2026-03-05, 16:18.",Αναδεικνύει πρακτικό πρόβλημα διατήρησης CCTV και την επίδρασή του στην απόδειξη.,It highlights a practical CCTV retention problem and its effect on evidentiary proof.,39.9769,22.6521,Θεσσαλία,Thessaly,,,,,Report PDF::file:///Users/troboukis/Downloads/%CE%91%CE%BD%CE%B1%CE%BB%CF%85%CF%84%CE%B9%CE%BA%CE%B7%CC%81%20%CF%87%CF%81%CE%BF%CE%BD%CE%BF%CE%B3%CF%81%CE%B1%CE%BC%CE%BC%CE%B7%CC%81%20%CE%B3%CE%B9%CE%B1%20%CF%84%CE%B1%20%CE%B2%CE%B9%CC%81%CE%BD%CF%84%CE%B5%CE%BF%20%CF%84%CE%BF%CF%85%20%CE%B4%CF%85%CF%83%CF%84%CF%85%CF%87%CE%B7%CC%81%CE%BC%CE%B1%CF%84%CE%BF%CF%82%20%CF%83%CF%84%CE%B1%20%CE%A4%CE%B5%CC%81%CE%BC%CF%80%CE%B7%20%CE%BA%CE%B1%CE%B9%20%CF%84%CE%B9%CF%82%20%CE%B4%CE%B9%CE%BA%CE%B1%CF%83%CF%84%CE%B9%CE%BA%CE%B5%CC%81%CF%82%20%CE%B5%CE%BE%CE%B5%CE%BB%CE%B9%CC%81%CE%BE%CE%B5%CE%B9%CF%82.pdf,,,,βίντεο|CCTV|διατήρηση δεδομένων,videos|cctv|data_retention
2026-03-06,Αποκαλύπτεται ότι υπάρχει επιπλέον οπτικό υλικό στην κατοχή πραγματογνώμονα,It is revealed that additional visual material is held by an expert witness,"Πραγματογνώμονας Πατζόπουλος, συνήγοροι πολιτικής αγωγής και δικαστήριο.","Πραγματογνώμονας Patzopoulos, lawyers for the victims' side and court.","Κατά την εξέταση του πραγματογνώμονα έρχεται στο ακροατήριο ότι έχει βίντεο και φωτογραφίες από το πεδίο στο κινητό και στο σπίτι του, χωρίς να τα έχει εντάξει στη δικογραφία.","Κατά the εξέταση of the πραγματογνώμοto έρχεται at the ακροατήριο ότι έχει βίντεο and φωτογραφίες from το πεδίο at the κινητό and at the σπίτι του, χωρίς to τα έχει εντάξει at the δικογραφία.",Μονομελές Πλημμελειοδικείο Λάρισας.,Single-Member Misdemeanor Court of Larisa.,2026-03-06.,2026-03-06.,Η πολιτική αγωγή πιέζει να ελεγχθεί αν υπάρχει αδήλωτο ή παρακρατημένο υλικό.,The civil action side πιέζει to ελεγχθεί αν υπάρχει αδήλωτο ή παρακρατημένο υλικό.,39.6390,22.4191,Θεσσαλία,Thessaly,,,Πατζόπουλος,Patzopoulos,"Larissanet 06/03/2026::NaN|Συνέντευξη 05/04/2026, γραμμή 23::file:///Users/troboukis/Code/timeline-app/tempi/videos-trial/source-transcriptions/konstantopoulou_5_4_2026.txt|Report PDF::file:///Users/troboukis/Downloads/%CE%91%CE%BD%CE%B1%CE%BB%CF%85%CF%84%CE%B9%CE%BA%CE%B7%CC%81%20%CF%87%CF%81%CE%BF%CE%BD%CE%BF%CE%B3%CF%81%CE%B1%CE%BC%CE%BC%CE%B7%CC%81%20%CE%B3%CE%B9%CE%B1%20%CF%84%CE%B1%20%CE%B2%CE%B9%CC%81%CE%BD%CF%84%CE%B5%CE%BF%20%CF%84%CE%BF%CF%85%20%CE%B4%CF%85%CF%83%CF%84%CF%85%CF%87%CE%B7%CC%81%CE%BC%CE%B1%CF%84%CE%BF%CF%82%20%CF%83%CF%84%CE%B1%20%CE%A4%CE%B5%CC%81%CE%BC%CF%80%CE%B7%20%CE%BA%CE%B1%CE%B9%20%CF%84%CE%B9%CF%82%20%CE%B4%CE%B9%CE%BA%CE%B1%CF%83%CF%84%CE%B9%CE%BA%CE%B5%CC%81%CF%82%20%CE%B5%CE%BE%CE%B5%CE%BB%CE%B9%CC%81%CE%BE%CE%B5%CE%B9%CF%82.pdf",,,,βίντεο|αποκάλυψη,videos|disclosure
2026-03-06,Η πρώτη κατάσχεση χαρακτηρίζεται ελλιπής,The first seizure is described as incomplete,"Η Ζωή Κωνσταντοπούλου, αστυνομικοί, ο Παναγιώτης Πατζόπουλος και η πρόεδρος Αποστολία Ζαχαριάδη.","The Zoe Konstantopoulou, αστυνομικοί, ο Panagiotis Patzopoulos and η πρόεδρος Apostolia Zachariadi.",Η πολιτική αγωγή καταγγέλλει ότι η κατάσχεση δεν έγινε αυθημερόν στο σπίτι αλλά με τηλεφωνική συνεννόηση και απλή μεταφορά υλικού.,The civil action side καταγγέλλει ότι η κατάσχεση not έγινε αυθημερόν at the σπίτι αλλά with τηλεφωνική συνεννόηση and απλή μεταφορά υλικού.,Λάρισα και σπίτι του πραγματογνώμονα.,Larisa and σπίτι of the πραγματογνώμονα.,2026-03-06.,2026-03-06.,Υποστηρίζει ότι έτσι δεν διασφαλίστηκε η ακεραιότητα των πρωτότυπων φορέων.,Υποστηρίζει ότι έτσι not διασφαλίστηκε η ακεραιότητα of the πρωτότυπων φορέων.,39.6390,22.4191,Θεσσαλία,Thessaly,,,"Ζωή Κωνσταντοπούλου, Παναγιώτης Πατζόπουλος, Αποστολία Ζαχαριάδη","Zoe Konstantopoulou, Panagiotis Patzopoulos, Apostolia Zachariadi","Συνέντευξη 05/04/2026, γραμμές 27, 51-55::file:///Users/troboukis/Code/timeline-app/tempi/videos-trial/source-transcriptions/konstantopoulou_5_4_2026.txt|Report PDF::file:///Users/troboukis/Downloads/%CE%91%CE%BD%CE%B1%CE%BB%CF%85%CF%84%CE%B9%CE%BA%CE%B7%CC%81%20%CF%87%CF%81%CE%BF%CE%BD%CE%BF%CE%B3%CF%81%CE%B1%CE%BC%CE%BC%CE%B7%CC%81%20%CE%B3%CE%B9%CE%B1%20%CF%84%CE%B1%20%CE%B2%CE%B9%CC%81%CE%BD%CF%84%CE%B5%CE%BF%20%CF%84%CE%BF%CF%85%20%CE%B4%CF%85%CF%83%CF%84%CF%85%CF%87%CE%B7%CC%81%CE%BC%CE%B1%CF%84%CE%BF%CF%82%20%CF%83%CF%84%CE%B1%20%CE%A4%CE%B5%CC%81%CE%BC%CF%80%CE%B7%20%CE%BA%CE%B1%CE%B9%20%CF%84%CE%B9%CF%82%20%CE%B4%CE%B9%CE%BA%CE%B1%CF%83%CF%84%CE%B9%CE%BA%CE%B5%CC%81%CF%82%20%CE%B5%CE%BE%CE%B5%CE%BB%CE%B9%CC%81%CE%BE%CE%B5%CE%B9%CF%82.pdf",,,,κατασχέσεις|αμφισβήτηση ακεραιότητας,seizures|integrity_dispute
2026-03-06,Το δικαστήριο διατάσσει κατάσχεση φωτογραφιών και βίντεο των πραγματογνωμόνων,The court orders the seizure of the experts’ photos and videos,"Η πρόεδρος Αποστολία Ζαχαριάδη, η εισαγγελέας της έδρας, ο Παναγιώτης Πατζόπουλος, ο Βασιλάκος και η πολιτική αγωγή.","The presiding judge Apostolia Zachariadi, η bench prosecutor, ο Panagiotis Patzopoulos, ο Vasilakos and η civil action side.","Η έδρα διατάσσει άμεση κατάσχεση ψηφιακών αρχείων, φωτογραφιών και βίντεο που έχουν οι πραγματογνώμονες.","The bench διατάσσει άμεση κατάσχεση ψηφιακών αρχείων, φωτογραφιών and βίντεο που έχουν οι πραγματογνώμονες.",Λάρισα.,Larisa.,2026-03-06.,2026-03-06.,Θέλει να διασφαλίσει ότι το υλικό θα ενταχθεί στη δίκη και δεν θα μείνει ανεξέλεγκτο.,Θέλει to διασφαλίσει ότι το υλικό θα ενταχθεί at the δίκη and not θα μείνει ανεξέλεγκτο.,39.6390,22.4191,Θεσσαλία,Thessaly,,,"Παναγιώτης Πατζόπουλος, Βασιλάκος, Αποστολία Ζαχαριάδη","Panagiotis Patzopoulos, Vasilakos, Apostolia Zachariadi","Oparlapipas 06/03/2026::NaN|Συνέντευξη 05/04/2026, γραμμή 27::file:///Users/troboukis/Code/timeline-app/tempi/videos-trial/source-transcriptions/konstantopoulou_5_4_2026.txt|Report PDF::file:///Users/troboukis/Downloads/%CE%91%CE%BD%CE%B1%CE%BB%CF%85%CF%84%CE%B9%CE%BA%CE%B7%CC%81%20%CF%87%CF%81%CE%BF%CE%BD%CE%BF%CE%B3%CF%81%CE%B1%CE%BC%CE%BC%CE%B7%CC%81%20%CE%B3%CE%B9%CE%B1%20%CF%84%CE%B1%20%CE%B2%CE%B9%CC%81%CE%BD%CF%84%CE%B5%CE%BF%20%CF%84%CE%BF%CF%85%20%CE%B4%CF%85%CF%83%CF%84%CF%85%CF%87%CE%B7%CC%81%CE%BC%CE%B1%CF%84%CE%BF%CF%82%20%CF%83%CF%84%CE%B1%20%CE%A4%CE%B5%CC%81%CE%BC%CF%80%CE%B7%20%CE%BA%CE%B1%CE%B9%20%CF%84%CE%B9%CF%82%20%CE%B4%CE%B9%CE%BA%CE%B1%CF%83%CF%84%CE%B9%CE%BA%CE%B5%CC%81%CF%82%20%CE%B5%CE%BE%CE%B5%CE%BB%CE%B9%CC%81%CE%BE%CE%B5%CE%B9%CF%82.pdf",,,,κατασχέσεις|βίντεο,seizures|videos
2026-03-09,Γίνεται δεύτερη αυθημερόν κατάσχεση,A second same-day seizure takes place,"Η Ζωή Κωνσταντοπούλου και άλλοι συνήγοροι πολιτικής αγωγής, ο Παναγιώτης Πατζόπουλος, το δικαστήριο και η εισαγγελέας της έδρας.","The Zoe Konstantopoulou and άλλοι lawyers for the victims' side, ο Panagiotis Patzopoulos, το court and η bench prosecutor.","Μετά τις αντιρρήσεις για την πρώτη ενέργεια, προχωρά νέα κατάσχεση που περιγράφεται ως κανονική και αυθημερόν.","Μετά τις αντιρρήσεις for the πρώτη ενέργεια, προχωρά νέα κατάσχεση που περιγράφεται ως κανονική and αυθημερόν.",Λάρισα και χώροι όπου βρίσκονται τα ψηφιακά μέσα.,Larisa and χώροι όπου βρίσκονται τα ψηφιακά μέσα.,2026-03-09.,2026-03-09.,Η πολιτική αγωγή επιδιώκει κατάσχεση των αυθεντικών μέσων και όχι απλών αντιγράφων.,The civil action side επιδιώκει κατάσχεση of the αυθεντικών μέσων and όχι απλών αντιγράφων.,39.6390,22.4191,Θεσσαλία,Thessaly,,,"Ζωή Κωνσταντοπούλου, Παναγιώτης Πατζόπουλος","Zoe Konstantopoulou, Panagiotis Patzopoulos","Συνέντευξη 05/04/2026, γραμμή 27::file:///Users/troboukis/Code/timeline-app/tempi/videos-trial/source-transcriptions/konstantopoulou_5_4_2026.txt",,,,κατασχέσεις|βίντεο,seizures|videos
2026-03-09,Γίνεται τρίτη κατάσχεση σε Περιφέρεια και Αποκεντρωμένη Διοίκηση,A third seizure takes place at the Region and the Decentralized Administration,"Η εισαγγελέας της έδρας, η Περιφέρεια, ο δεύτερος πραγματογνώμονας Βασιλάκος και η Αποκεντρωμένη Διοίκηση.","The bench prosecutor, η Region of Thessaly, ο δεύτερος expert witness Vasilakos and η Decentralized Administration.",Κατασχέθηκαν σκληροί δίσκοι και ηλεκτρονικοί υπολογιστές από δημόσιες υπηρεσίες που συνδέονται με τους πραγματογνώμονες.,Κατασχέθηκαν σκληροί δίσκοι and ηλεκτρονικοί υπολογιστές from δημόσιες υπηρεσίες που συνδέονται with τους πραγματογνώμονες.,Υπηρεσίες της Περιφέρειας και της Αποκεντρωμένης Διοίκησης.,Offices of the Region and the Decentralized Administration.,2026-03-09.,2026-03-09.,Η δίκη αναζητεί όλα τα ψηφιακά ίχνη που μπορεί να σχετίζονται με τα χαμένα ή αδήλωτα βίντεο.,The trial αναζητεί όλα τα ψηφιακά ίχνη που μπορεί to σχετίζονται with τα χαμέto ή αδήλωτα βίντεο.,39.6390,22.4191,Θεσσαλία,Thessaly,,,Βασιλάκος,Vasilakos,"Συνέντευξη 05/04/2026, γραμμή 27::file:///Users/troboukis/Code/timeline-app/tempi/videos-trial/source-transcriptions/konstantopoulou_5_4_2026.txt",,,,κατασχέσεις|δημόσιες υπηρεσίες,seizures|public_services
2026-03-09,Εμφανίζεται διοικητική αξιωματούχος στον χώρο της κατάσχεσης,An administrative official appears at the seizure site,"Η γενική γραμματέας της Αποκεντρωμένης Διοίκησης Ρένα Καρασαριώτη, η εισαγγελέας της έδρας και ο μάρτυρας-πραγματογνώμονας.","The γενική γραμματέας of the Αποκεντρωμένης Διοίκησης Rena Karasarioti, η bench prosecutor and ο μάρτυρας-expert witness.",Η Ζωή Κωνσταντοπούλου περιγράφει παρουσία της Ρένας Καρασαριώτη την ώρα που γίνονται οι κατασχέσεις και τη συνδέει με άμεση κινητοποίηση της διοίκησης.,The Zoe Konstantopoulou περιγράφει παρουσία of the Ρένας Καρασαριώτη the ώρα που γίνονται οι κατασχέσεις and τη συνδέει with άμεση κινητοποίηση of the διοίκησης.,Χώρος της κατάσχεσης στην Αποκεντρωμένη Διοίκηση.,Seizure site at the Decentralized Administration.,2026-03-09.,2026-03-09.,Το γεγονός παρουσιάζεται ως ένδειξη παρέμβασης ή επιτήρησης γύρω από το αποδεικτικό υλικό.,The γεγονός παρουσιάζεται ως ένδειξη παρέμβασης ή επιτήρησης γύρω from το αποδεικτικό υλικό.,39.6390,22.4191,Θεσσαλία,Thessaly,,,"Ζωή Κωνσταντοπούλου, Ρένα Καρασαριώτη","Zoe Konstantopoulou, Rena Karasarioti","Συνέντευξη 05/04/2026, γραμμές 27-31::file:///Users/troboukis/Code/timeline-app/tempi/videos-trial/source-transcriptions/konstantopoulou_5_4_2026.txt",,,,παρεμβάσεις|κατασχέσεις|πρόσωπα,interventions|seizures|people
2026-03-09,Κλείνει η συνεδρίαση με υπόσχεση για αντίγραφα την επομένη,The session ends with a promise of copies the next day,Συνήγοροι πολιτικής αγωγής και δικαστήριο.,Συνήγοροι πολιτικής αγωγής and court.,Η διαδικασία λήγει το βράδυ με συνεννόηση ότι στις 10 Μαρτίου θα δοθούν αντίγραφα από τα κατασχεμένα υλικά.,The διαδικασία λήγει το βράδυ with συνεννόηση ότι στις 10 Μαρτίου θα δοθούν αντίγραφα from τα κατασχεμέto υλικά.,Μονομελές Πλημμελειοδικείο Λάρισας.,Single-Member Misdemeanor Court of Larisa.,2026-03-09.,2026-03-09.,Οι συνήγοροι θέλουν άμεση πρόσβαση στα αρχεία για έλεγχο γνησιότητας και περιεχομένου.,The συνήγοροι θέλουν άμεση πρόσβαση στα αρχεία for έλεγχο γνησιότητας and περιεχομένου.,39.6390,22.4191,Θεσσαλία,Thessaly,,,,,"Συνέντευξη 05/04/2026, γραμμή 31::file:///Users/troboukis/Code/timeline-app/tempi/videos-trial/source-transcriptions/konstantopoulou_5_4_2026.txt",,,,αντίγραφα|κατασχέσεις,copies|seizures
2026-03-09,Ο πραγματογνώμονας αποκαλύπτει και άλλα βίντεο στην υπηρεσία του,The expert reveals additional videos at his service,"Ο Παναγιώτης Πατζόπουλος και οι συνήγοροι πολιτικής αγωγής, μεταξύ τους η Ζωή Κωνσταντοπούλου.","The Panagiotis Patzopoulos and οι lawyers for the victims' side, μεταξύ τους η Zoe Konstantopoulou.",Ο πραγματογνώμονας δηλώνει ότι υπάρχουν και άλλα βίντεο αποθηκευμένα στην υπηρεσία του και παραδέχεται ότι είπε ψέματα για να μην εκθέσει την υπηρεσία.,The expert witness δηλώνει ότι υπάρχουν and άλλα βίντεο αποθηκευμέto in the υπηρεσία of the and παραδέχεται ότι είπε ψέματα for to μην εκθέσει the υπηρεσία.,Ακροατήριο στη Λάρισα.,Ακροατήριο at the Larisa.,2026-03-09.,2026-03-09.,Η αποκάλυψη οδηγεί σε επέκταση της κατάσχεσης και ανοίγει ζήτημα απόκρυψης αποδεικτικού υλικού.,The αποκάλυψη οδηγεί in επέκταση of the κατάσχεσης and ανοίγει ζήτημα απόκρυψης αποδεικτικού υλικού.,39.6390,22.4191,Θεσσαλία,Thessaly,,,"Ζωή Κωνσταντοπούλου, Παναγιώτης Πατζόπουλος","Zoe Konstantopoulou, Panagiotis Patzopoulos","Συνέντευξη 05/04/2026, γραμμή 27::file:///Users/troboukis/Code/timeline-app/tempi/videos-trial/source-transcriptions/konstantopoulou_5_4_2026.txt",,,,βίντεο|αποκάλυψη|κατασχέσεις,videos|disclosure|seizures
2026-03-10,Η πρόεδρος δηλώνει ότι δεν μπορεί να συνεχίσει και λιποθυμά,The presiding judge says she cannot continue and faints,Η πρόεδρος Αποστολία Ζαχαριάδη.,The presiding judge Apostolia Zachariadi.,"Ανεβαίνει στην έδρα, κλαίει, λέει ότι δεν μπορεί να συνεχίσει, διακόπτει και στη συνέχεια λιποθυμά.","Ανεβαίνει in the έδρα, κλαίει, λέει ότι not μπορεί to συνεχίσει, διακόπτει and at the συνέχεια λιποθυμά.",Μονομελές Πλημμελειοδικείο Λάρισας.,Single-Member Misdemeanor Court of Larisa.,2026-03-10.,2026-03-10.,Ο ακριβής λόγος δεν αποσαφηνίζεται δημόσια και παραμένει αντικείμενο σύγκρουσης.,The ακριβής λόγος not αποσαφηνίζεται δημόσια and παραμένει αντικείμενο σύγκρουσης.,39.6390,22.4191,Θεσσαλία,Thessaly,,,Αποστολία Ζαχαριάδη,Apostolia Zachariadi,"in.gr 10/03/2026::https://www.in.gr/2026/03/10/greece/diekopi-diki-gia-ta-vinteo-ton-tempon-logo-adiathesias-tis-proedrou|Συνέντευξη 05/04/2026, γραμμή 55::file:///Users/troboukis/Code/timeline-app/tempi/videos-trial/source-transcriptions/konstantopoulou_5_4_2026.txt",,,,διαδικασία|έδρα,procedure|bench
2026-03-10,Η υπεράσπιση ζητά διακοπή και η χορήγηση αντιγράφων μπλοκάρει,The defense requests an interruption and the release of copies is blocked,"Ο Βασίλης Καπερνάρος και άλλοι συνήγοροι υπεράσπισης, η πρόεδρος Αποστολία Ζαχαριάδη και οι συνήγοροι πολιτικής αγωγής.","The Vasilis Kapernaros and άλλοι defense lawyers, η πρόεδρος Apostolia Zachariadi and οι lawyers for the victims' side.","Η υπεράσπιση επιτίθεται στη διαδικασία των κατασχέσεων και ζητά διακοπή, ενώ η πρόεδρος καθυστερεί τη χορήγηση αντιγράφων.","The defense επιτίθεται at the διαδικασία of the κατασχέσεων and ζητά διακοπή, ενώ η πρόεδρος καθυστερεί τη χορήγηση αντιγράφων.",Λάρισα.,Larisa.,2026-03-10.,2026-03-10.,Η υπεράσπιση αμφισβητεί τη νομιμότητα των ενεργειών και η πρόσβαση της πολιτικής αγωγής στο υλικό παγώνει.,The defense αμφισβητεί τη νομιμότητα of the ενεργειών and η πρόσβαση of the πολιτικής αγωγής at the υλικό παγώνει.,39.6390,22.4191,Θεσσαλία,Thessaly,,,"Βασίλης Καπερνάρος, Αποστολία Ζαχαριάδη","Vasilis Kapernaros, Apostolia Zachariadi","in.gr 10/03/2026::https://www.in.gr/2026/03/10/greece/diekopi-diki-gia-ta-vinteo-ton-tempon-logo-adiathesias-tis-proedrou|Συνέντευξη 05/04/2026, γραμμή 31::file:///Users/troboukis/Code/timeline-app/tempi/videos-trial/source-transcriptions/konstantopoulou_5_4_2026.txt",,,,αντίγραφα|διαδικασία,copies|procedure
2026-03-10,Ο Σεβαστίδης μεταβαίνει στη Λάρισα την ίδια ημέρα,Sevastidis travels to Larisa on the same day,Χριστόφορος Σεβαστίδης.,Christoforos Sevastidis.,Η Ζωή Κωνσταντοπούλου αναφέρει ότι ο πρόεδρος της Ένωσης Δικαστών και Εισαγγελέων βρέθηκε στη Λάρισα την ημέρα της λιποθυμίας της προέδρου.,The Zoe Konstantopoulou αναφέρει ότι ο πρόεδρος of the Ένωσης Δικαστών and Εισαγγελέων βρέθηκε at the Larisa the ημέρα of the λιποθυμίας of the προέδρου.,Λάρισα.,Larisa.,2026-03-10.,2026-03-10.,Η ίδια συνδέει την παρουσία του με πιθανές πιέσεις γύρω από τη δίκη.,The ίδια συνδέει the παρουσία of the with πιθανές πιέσεις γύρω from τη δίκη.,39.6390,22.4191,Θεσσαλία,Thessaly,,,"Ζωή Κωνσταντοπούλου, Χριστόφορος Σεβαστίδης","Zoe Konstantopoulou, Christoforos Sevastidis","Συνέντευξη 05/04/2026, γραμμή 55::file:///Users/troboukis/Code/timeline-app/tempi/videos-trial/source-transcriptions/konstantopoulou_5_4_2026.txt",,,,παρεμβάσεις|δημόσια σύγκρουση,interventions|public_dispute
2026-03-10,Παραμένουν διαθέσιμα μόνο τα αντίγραφα της πρώτης κατάσχεσης,Only the copies from the first seizure remain available,Η Ζωή Κωνσταντοπούλου και οι συνήγοροι πολιτικής αγωγής.,The Zoe Konstantopoulou and οι lawyers for the victims' side.,"Η πολιτική αγωγή δηλώνει ότι έχει λάβει μόνο αντίγραφα από την πρώτη, ελλιπή κατάσχεση της 6ης Μαρτίου και όχι από τις επόμενες κατασχέσεις που επιτρέπουν έλεγχο αλλοιώσεων.","The civil action side δηλώνει ότι έχει λάβει μόνο αντίγραφα from the πρώτη, ελλιπή κατάσχεση of the 6ης Μαρτίου and όχι from τις επόμενες κατασχέσεις που επιτρέπουν έλεγχο αλλοιώσεων.",Λάρισα.,Larisa.,2026-03-10.,2026-03-10.,Τα κρίσιμα αντίγραφα από τις κατασχέσεις της 9ης Μαρτίου δεν παραδίδονται.,Τα κρίσιμα αντίγραφα from τις κατασχέσεις of the 9ης Μαρτίου not παραδίδονται.,39.6390,22.4191,Θεσσαλία,Thessaly,,,Ζωή Κωνσταντοπούλου,Zoe Konstantopoulou,"Συνέντευξη 05/04/2026, γραμμές 47-55::file:///Users/troboukis/Code/timeline-app/tempi/videos-trial/source-transcriptions/konstantopoulou_5_4_2026.txt",,,,αντίγραφα|τεχνικός έλεγχος,copies|technical_audit
2026-03-19,Εμφανίζεται άλλος δικαστής και ανακοινώνεται αναρρωτική άδεια της προέδρου,Another judge appears and the presiding judge’s sick leave is announced,"Άλλος δικαστής, η γραμματεία, η εισαγγελέας της έδρας και η πρόεδρος Αποστολία Ζαχαριάδη.","Άλλος δικαστής, η γραμματεία, η bench prosecutor and η πρόεδρος Apostolia Zachariadi.",Στη δικάσιμο εμφανίζεται άλλος δικαστής και δημοσιοποιείται ότι η πρόεδρος βρίσκεται σε αναρρωτική άδεια έως τις 30 Μαρτίου.,Στη δικάσιμο εμφανίζεται άλλος δικαστής and δημοσιοποιείται ότι η πρόεδρος βρίσκεται in sick leave έως τις 30 Μαρτίου.,Μονομελές Πλημμελειοδικείο Λάρισας.,Single-Member Misdemeanor Court of Larisa.,2026-03-19.,2026-03-19.,Η πρόεδρος δεν είναι σε θέση να δικάσει μετά το επεισόδιο της 10ης Μαρτίου.,The presiding judge not είναι in θέση to δικάσει μετά το επεισόδιο of the 10ης Μαρτίου.,39.6390,22.4191,Θεσσαλία,Thessaly,,,Αποστολία Ζαχαριάδη,Apostolia Zachariadi,"CNN.gr 19/03/2026::NaN|Συνέντευξη 05/04/2026, γραμμή 71::file:///Users/troboukis/Code/timeline-app/tempi/videos-trial/source-transcriptions/konstantopoulou_5_4_2026.txt|Report PDF::file:///Users/troboukis/Downloads/%CE%91%CE%BD%CE%B1%CE%BB%CF%85%CF%84%CE%B9%CE%BA%CE%B7%CC%81%20%CF%87%CF%81%CE%BF%CE%BD%CE%BF%CE%B3%CF%81%CE%B1%CE%BC%CE%BC%CE%B7%CC%81%20%CE%B3%CE%B9%CE%B1%20%CF%84%CE%B1%20%CE%B2%CE%B9%CC%81%CE%BD%CF%84%CE%B5%CE%BF%20%CF%84%CE%BF%CF%85%20%CE%B4%CF%85%CF%83%CF%84%CF%85%CF%87%CE%B7%CC%81%CE%BC%CE%B1%CF%84%CE%BF%CF%82%20%CF%83%CF%84%CE%B1%20%CE%A4%CE%B5%CC%81%CE%BC%CF%80%CE%B7%20%CE%BA%CE%B1%CE%B9%20%CF%84%CE%B9%CF%82%20%CE%B4%CE%B9%CE%BA%CE%B1%CF%83%CF%84%CE%B9%CE%BA%CE%B5%CC%81%CF%82%20%CE%B5%CE%BE%CE%B5%CE%BB%CE%B9%CC%81%CE%BE%CE%B5%CE%B9%CF%82.pdf",,,,διαδικασία|έδρα,procedure|bench
2026-03-19,Η Μιλωνά παρεμβαίνει και η έγκριση ανακαλείται,Milona intervenes and the approval is revoked,Η προϊσταμένη του Πρωτοδικείου Μιλωνά και η πρόεδρος υπηρεσίας Χαρίση.,The head of the Court of First Instance Milona and η duty presiding judge Charisi.,"Η Μιλωνά παρεμβαίνει μπροστά σε συνηγόρους και συγγενείς, ζητά ανάκληση της έγκρισης και λίγες ώρες αργότερα η απόφαση για τα αντίγραφα ανακαλείται.","The Milona παρεμβαίνει μπροστά in συνηγόρους and συγγενείς, ζητά ανάκληση of the έγκρισης and λίγες ώρες αργότερα η απόφαση for τα αντίγραφα ανακαλείται.",Δικαστικό Μέγαρο Λάρισας.,Larisa Courthouse.,2026-03-19.,2026-03-19.,Η πρόσβαση της πολιτικής αγωγής στα αρχεία σταματά εκ νέου.,The πρόσβαση of the πολιτικής αγωγής στα αρχεία σταματά εκ νέου.,39.6390,22.4191,Θεσσαλία,Thessaly,,,"Χαρίση, Μιλωνά","Charisi, Milona","Συνέντευξη 05/04/2026, γραμμές 71-75::file:///Users/troboukis/Code/timeline-app/tempi/videos-trial/source-transcriptions/konstantopoulou_5_4_2026.txt|Report PDF::file:///Users/troboukis/Downloads/%CE%91%CE%BD%CE%B1%CE%BB%CF%85%CF%84%CE%B9%CE%BA%CE%B7%CC%81%20%CF%87%CF%81%CE%BF%CE%BD%CE%BF%CE%B3%CF%81%CE%B1%CE%BC%CE%BC%CE%B7%CC%81%20%CE%B3%CE%B9%CE%B1%20%CF%84%CE%B1%20%CE%B2%CE%B9%CC%81%CE%BD%CF%84%CE%B5%CE%BF%20%CF%84%CE%BF%CF%85%20%CE%B4%CF%85%CF%83%CF%84%CF%85%CF%87%CE%B7%CC%81%CE%BC%CE%B1%CF%84%CE%BF%CF%82%20%CF%83%CF%84%CE%B1%20%CE%A4%CE%B5%CC%81%CE%BC%CF%80%CE%B7%20%CE%BA%CE%B1%CE%B9%20%CF%84%CE%B9%CF%82%20%CE%B4%CE%B9%CE%BA%CE%B1%CF%83%CF%84%CE%B9%CE%BA%CE%B5%CC%81%CF%82%20%CE%B5%CE%BE%CE%B5%CE%BB%CE%B9%CC%81%CE%BE%CE%B5%CE%B9%CF%82.pdf",,,,αντίγραφα|παρεμβάσεις,copies|interventions
2026-03-19,Η Χαρίση εγκρίνει την πρόσβαση στα αρχεία και ξεκινά η κλωνοποίηση,Charisi approves access to the files and cloning begins,"Η πρόεδρος υπηρεσίας Χαρίση, οι συνήγοροι Δημήτρης Ντολόπουλος και Αντωνία Βαλάνη και συγγενείς θυμάτων.","The duty presiding judge Charisi, οι συνήγοροι Dimitris Dolopoulos and Antonia Valani and relatives of the victims.","Εγκρίνεται η λήψη αντιγράφων, αγοράζονται σκληροί δίσκοι και αρχίζει η αντιγραφή των κατασχεμένων αρχείων.","Εγκρίνεται η λήψη αντιγράφων, αγοράζονται σκληροί δίσκοι and αρχίζει η αντιγραφή of the κατασχεμένων αρχείων.",Δικαστικό Μέγαρο Λάρισας.,Larisa Courthouse.,2026-03-19.,2026-03-19.,Η πολιτική αγωγή επιχειρεί να αποκτήσει επιτέλους τεχνικά ελέγξιμα αντίγραφα του υλικού.,The civil action side επιχειρεί to αποκτήσει επιτέλους τεχνικά ελέγξιμα αντίγραφα of the υλικού.,39.6390,22.4191,Θεσσαλία,Thessaly,,,"Δημήτρης Ντολόπουλος, Αντωνία Βαλάνη, Χαρίση","Dimitris Dolopoulos, Antonia Valani, Charisi","Συνέντευξη 05/04/2026, γραμμή 71::file:///Users/troboukis/Code/timeline-app/tempi/videos-trial/source-transcriptions/konstantopoulou_5_4_2026.txt|Report PDF::file:///Users/troboukis/Downloads/%CE%91%CE%BD%CE%B1%CE%BB%CF%85%CF%84%CE%B9%CE%BA%CE%B7%CC%81%20%CF%87%CF%81%CE%BF%CE%BD%CE%BF%CE%B3%CF%81%CE%B1%CE%BC%CE%BC%CE%B7%CC%81%20%CE%B3%CE%B9%CE%B1%20%CF%84%CE%B1%20%CE%B2%CE%B9%CC%81%CE%BD%CF%84%CE%B5%CE%BF%20%CF%84%CE%BF%CF%85%20%CE%B4%CF%85%CF%83%CF%84%CF%85%CF%87%CE%B7%CC%81%CE%BC%CE%B1%CF%84%CE%BF%CF%82%20%CF%83%CF%84%CE%B1%20%CE%A4%CE%B5%CC%81%CE%BC%CF%80%CE%B7%20%CE%BA%CE%B1%CE%B9%20%CF%84%CE%B9%CF%82%20%CE%B4%CE%B9%CE%BA%CE%B1%CF%83%CF%84%CE%B9%CE%BA%CE%B5%CC%81%CF%82%20%CE%B5%CE%BE%CE%B5%CE%BB%CE%B9%CC%81%CE%BE%CE%B5%CE%B9%CF%82.pdf",,,,αντίγραφα|τεχνικός έλεγχος,copies|technical_audit
2026-03-23,Ξεκινά η κύρια δίκη για το δυστύχημα των Τεμπών,The main trial over the Tempi disaster begins,"Το Τριμελές Εφετείο Κακουργημάτων Λάρισας, 36 κατηγορούμενοι, διάδικοι και συνήγοροι.","The Larisa Three-Member Court of Appeal for Felonies, 36 defendants, litigants and lawyers.","Ξεκινά η κύρια δίκη με εκφώνηση ονομάτων, ανάγνωση κατηγορητηρίου 1.267 σελίδων και πρόβλεψη για 570 αναγνωστέα έγγραφα.","The main trial opens with the reading of names, a 1,267-page indictment and provision for 570 documentary exhibits.","Λάρισα, Γαιόπολις, Πανεπιστήμιο Θεσσαλίας.","Larisa, Gaiopolis, University of Thessaly.","2026-03-23, 09:00.","2026-03-23, 09:00.",Η υπόθεση περνά σε πλήρες ακροαματικό στάδιο όπου τα βίντεο και τα ψηφιακά πειστήρια αποκτούν κεντρικό ρόλο.,"The case enters the full trial stage, where videos and digital exhibits take on a central role.",39.6374,22.3795,Θεσσαλία,Thessaly,,,,,Report PDF::file:///Users/troboukis/Downloads/%CE%91%CE%BD%CE%B1%CE%BB%CF%85%CF%84%CE%B9%CE%BA%CE%B7%CC%81%20%CF%87%CF%81%CE%BF%CE%BD%CE%BF%CE%B3%CF%81%CE%B1%CE%BC%CE%BC%CE%B7%CC%81%20%CE%B3%CE%B9%CE%B1%20%CF%84%CE%B1%20%CE%B2%CE%B9%CC%81%CE%BD%CF%84%CE%B5%CE%BF%20%CF%84%CE%BF%CF%85%20%CE%B4%CF%85%CF%83%CF%84%CF%85%CF%87%CE%B7%CC%81%CE%BC%CE%B1%CF%84%CE%BF%CF%82%20%CF%83%CF%84%CE%B1%20%CE%A4%CE%B5%CC%81%CE%BC%CF%80%CE%B7%20%CE%BA%CE%B1%CE%B9%20%CF%84%CE%B9%CF%82%20%CE%B4%CE%B9%CE%BA%CE%B1%CF%83%CF%84%CE%B9%CE%BA%CE%B5%CC%81%CF%82%20%CE%B5%CE%BE%CE%B5%CE%BB%CE%B9%CC%81%CE%BE%CE%B5%CE%B9%CF%82.pdf,,,,κύρια δίκη|έναρξη|πειστήρια,main_trial|opening|evidence
2026-03-31,Εκδίδεται διάταξη που απαγορεύει φωτογράφηση και βιντεοσκόπηση στην κύρια δίκη,An order banning photography and video recording in the main trial is issued,"Η πρόεδρος και διευθύνουσα της κύριας δίκης Γεωργία Στεφανίδου, διάδικοι, δικηγόροι και δημοσιογράφοι.","Presiding judge and head of the main trial Georgia Stefanidou, litigants, lawyers and journalists.","Υπογράφεται διάταξη τάξης που ρυθμίζει τη διεξαγωγή της κύριας δίκης και απαγορεύει ρητά φωτογράφηση, βιντεοσκόπηση και μαγνητοφώνηση κατά τη διάρκεια της διαδικασίας.","An order governing courtroom conduct is signed, explicitly banning photography, video recording and audio recording during the main trial.","Λάρισα, Γαιόπολις.","Larisa, Gaiopolis.",2026-03-31 (ημερομηνία υπογραφής).,2026-03-31 (signature date).,Καθορίζει θεσμικά το καθεστώς καταγραφής μέσα στην αίθουσα και συνδέεται με μεταγενέστερα επεισόδια βιντεοσκόπησης.,It formally defines the recording regime inside the courtroom and connects to later filming incidents.,39.6374,22.3795,Θεσσαλία,Thessaly,,,Γεωργία Στεφανίδου,Georgia Stefanidou,Report PDF::file:///Users/troboukis/Downloads/%CE%91%CE%BD%CE%B1%CE%BB%CF%85%CF%84%CE%B9%CE%BA%CE%B7%CC%81%20%CF%87%CF%81%CE%BF%CE%BD%CE%BF%CE%B3%CF%81%CE%B1%CE%BC%CE%BC%CE%B7%CC%81%20%CE%B3%CE%B9%CE%B1%20%CF%84%CE%B1%20%CE%B2%CE%B9%CC%81%CE%BD%CF%84%CE%B5%CE%BF%20%CF%84%CE%BF%CF%85%20%CE%B4%CF%85%CF%83%CF%84%CF%85%CF%87%CE%B7%CC%81%CE%BC%CE%B1%CF%84%CE%BF%CF%82%20%CF%83%CF%84%CE%B1%20%CE%A4%CE%B5%CC%81%CE%BC%CF%80%CE%B7%20%CE%BA%CE%B1%CE%B9%20%CF%84%CE%B9%CF%82%20%CE%B4%CE%B9%CE%BA%CE%B1%CF%83%CF%84%CE%B9%CE%BA%CE%B5%CC%81%CF%82%20%CE%B5%CE%BE%CE%B5%CE%BB%CE%B9%CC%81%CE%BE%CE%B5%CE%B9%CF%82.pdf,,,,κύρια δίκη|διάταξη τάξης|βιντεοσκόπηση,main_trial|court_order|video_recording
2026-04-01,Συνεχίζεται η κύρια δίκη με εργασίες επέκτασης της αίθουσας,The main trial continues while courtroom expansion works take place,Το Τριμελές Εφετείο Κακουργημάτων και οι διάδικοι της κύριας δίκης.,The Three-Member Court of Appeal for Felonies and the parties to the main trial.,"Αναφέρεται ότι η δίκη συνεχίζεται, γίνονται εργασίες επέκτασης της αίθουσας και η πρώτη συνεδρίαση είχε ένταση και διακόπηκε νωρίς.","The trial is reported to continue while expansion works are carried out in the courtroom, and the first session is described as tense and cut short.","Λάρισα, Γαιόπολις.","Larisa, Gaiopolis.","2026-04-01, 08:08.","2026-04-01, 08:08.",Δείχνει πρακτικά προβλήματα χωρητικότητας και πρόσβασης που επηρεάζουν τη διεξαγωγή της κύριας δίκης.,It shows practical capacity and access problems affecting the conduct of the main trial.,39.6374,22.3795,Θεσσαλία,Thessaly,,,,,Report PDF::file:///Users/troboukis/Downloads/%CE%91%CE%BD%CE%B1%CE%BB%CF%85%CF%84%CE%B9%CE%BA%CE%B7%CC%81%20%CF%87%CF%81%CE%BF%CE%BD%CE%BF%CE%B3%CF%81%CE%B1%CE%BC%CE%BC%CE%B7%CC%81%20%CE%B3%CE%B9%CE%B1%20%CF%84%CE%B1%20%CE%B2%CE%B9%CC%81%CE%BD%CF%84%CE%B5%CE%BF%20%CF%84%CE%BF%CF%85%20%CE%B4%CF%85%CF%83%CF%84%CF%85%CF%87%CE%B7%CC%81%CE%BC%CE%B1%CF%84%CE%BF%CF%82%20%CF%83%CF%84%CE%B1%20%CE%A4%CE%B5%CC%81%CE%BC%CF%80%CE%B7%20%CE%BA%CE%B1%CE%B9%20%CF%84%CE%B9%CF%82%20%CE%B4%CE%B9%CE%BA%CE%B1%CF%83%CF%84%CE%B9%CE%BA%CE%B5%CC%81%CF%82%20%CE%B5%CE%BE%CE%B5%CE%BB%CE%B9%CC%81%CE%BE%CE%B5%CE%B9%CF%82.pdf,,,,κύρια δίκη|αίθουσα|πρόσβαση,main_trial|courtroom|access
2026-04-02,Η πρόεδρος δηλώνει δημόσια ότι δεν δέχθηκε πιέσεις,The presiding judge publicly says she was not pressured,Η πρόεδρος Αποστολία Ζαχαριάδη.,The presiding judge Apostolia Zachariadi.,Απαντά δημόσια ότι δεν δέχθηκε καμία πίεση από κανέναν.,Απαντά δημόσια ότι not δέχθηκε καμία πίεση from κανέναν.,Ακροατήριο της δίκης για τα βίντεο.,Courtroom of the trial over the videos.,2026-04-02.,2026-04-02.,Αντιδρά στις καταγγελίες περί παρεμβάσεων που είχαν διατυπωθεί από την πολιτική αγωγή.,Αντιδρά στις καταγγελίες περί παρεμβάσεων που είχαν διατυπωθεί from the civil action side.,NaN,NaN,NaN,NaN,,,Αποστολία Ζαχαριάδη,Apostolia Zachariadi,Dikastiko.gr 02/04/2026::https://www.dikastiko.gr/eidhsh/diki-gia-ta-chamena-vinteo-sta-tempi-tha-dothoyn-ta-antigrafa-psifiakon-dedomenon-den-dechthika-pieseis-apo-kanenan-eipe-i-proedros/|Report PDF::file:///Users/troboukis/Downloads/%CE%91%CE%BD%CE%B1%CE%BB%CF%85%CF%84%CE%B9%CE%BA%CE%B7%CC%81%20%CF%87%CF%81%CE%BF%CE%BD%CE%BF%CE%B3%CF%81%CE%B1%CE%BC%CE%BC%CE%B7%CC%81%20%CE%B3%CE%B9%CE%B1%20%CF%84%CE%B1%20%CE%B2%CE%B9%CC%81%CE%BD%CF%84%CE%B5%CE%BF%20%CF%84%CE%BF%CF%85%20%CE%B4%CF%85%CF%83%CF%84%CF%85%CF%87%CE%B7%CC%81%CE%BC%CE%B1%CF%84%CE%BF%CF%82%20%CF%83%CF%84%CE%B1%20%CE%A4%CE%B5%CC%81%CE%BC%CF%80%CE%B7%20%CE%BA%CE%B1%CE%B9%20%CF%84%CE%B9%CF%82%20%CE%B4%CE%B9%CE%BA%CE%B1%CF%83%CF%84%CE%B9%CE%BA%CE%B5%CC%81%CF%82%20%CE%B5%CE%BE%CE%B5%CE%BB%CE%B9%CC%81%CE%BE%CE%B5%CE%B9%CF%82.pdf,,,,δημόσια σύγκρουση|έδρα,public_dispute|bench
2026-04-02,Η πρόεδρος υποβάλλει δήλωση αποχής,The presiding judge files a recusal statement,Η πρόεδρος Αποστολία Ζαχαριάδη.,The presiding judge Apostolia Zachariadi.,Υποβάλλει δήλωση αποχής από τη δίκη για τα χαμένα βίντεο.,Υποβάλλει recusal statement from τη δίκη for τα χαμέto βίντεο.,Λάρισα.,Larisa.,2026-04-02.,2026-04-02.,Η αποχή ακολουθεί την ένταση που είχε προηγηθεί και οδηγεί σε νέα δικονομική εμπλοκή.,The αποχή ακολουθεί the ένταση που είχε προηγηθεί and οδηγεί in νέα δικονομική εμπλοκή.,39.6390,22.4191,Θεσσαλία,Thessaly,,,Αποστολία Ζαχαριάδη,Apostolia Zachariadi,Gegonota 02/04/2026::https://gegonota.news/2026/04/02/dekti-apochi-tis-proedrou-sti-diki-gia-chamena-vinteo-anavallete-ep-aoriston/|Report PDF::file:///Users/troboukis/Downloads/%CE%91%CE%BD%CE%B1%CE%BB%CF%85%CF%84%CE%B9%CE%BA%CE%B7%CC%81%20%CF%87%CF%81%CE%BF%CE%BD%CE%BF%CE%B3%CF%81%CE%B1%CE%BC%CE%BC%CE%B7%CC%81%20%CE%B3%CE%B9%CE%B1%20%CF%84%CE%B1%20%CE%B2%CE%B9%CC%81%CE%BD%CF%84%CE%B5%CE%BF%20%CF%84%CE%BF%CF%85%20%CE%B4%CF%85%CF%83%CF%84%CF%85%CF%87%CE%B7%CC%81%CE%BC%CE%B1%CF%84%CE%BF%CF%82%20%CF%83%CF%84%CE%B1%20%CE%A4%CE%B5%CC%81%CE%BC%CF%80%CE%B7%20%CE%BA%CE%B1%CE%B9%20%CF%84%CE%B9%CF%82%20%CE%B4%CE%B9%CE%BA%CE%B1%CF%83%CF%84%CE%B9%CE%BA%CE%B5%CC%81%CF%82%20%CE%B5%CE%BE%CE%B5%CE%BB%CE%B9%CC%81%CE%BE%CE%B5%CE%B9%CF%82.pdf,,,,διαδικασία|έδρα,procedure|bench
2026-04-02,Σχηματίζεται αυτεπάγγελτη δικογραφία για βιντεοσκόπηση αστυνομικών στην κύρια δίκη,An ex officio case file is formed over the filming of police officers in the main trial,Η Εισαγγελία Λάρισας και η Ζωή Κωνσταντοπούλου.,The Larisa prosecutor's office and Zoe Konstantopoulou.,Αναφέρεται σχηματισμός αυτεπάγγελτης δικογραφίας σε βάρος της Ζωής Κωνσταντοπούλου για βίντεο που τράβηξε ή δημοσιοποίησε με αστυνομικούς κατά τη διάρκεια της κύριας δίκης.,An ex officio case file is reported against Zoe Konstantopoulou for video she recorded or published showing police officers during the main trial.,Λάρισα.,Larisa.,"2026-04-02, 18:33.","2026-04-02, 18:33.",Συνδέει άμεσα την απαγόρευση καταγραφής στην αίθουσα με νέο παράπλευρο ποινικό αντικείμενο.,It directly links the in-court recording ban with a new collateral criminal matter.,39.6390,22.4191,Θεσσαλία,Thessaly,,,Ζωή Κωνσταντοπούλου,Zoe Konstantopoulou,Report PDF::file:///Users/troboukis/Downloads/%CE%91%CE%BD%CE%B1%CE%BB%CF%85%CF%84%CE%B9%CE%BA%CE%B7%CC%81%20%CF%87%CF%81%CE%BF%CE%BD%CE%BF%CE%B3%CF%81%CE%B1%CE%BC%CE%BC%CE%B7%CC%81%20%CE%B3%CE%B9%CE%B1%20%CF%84%CE%B1%20%CE%B2%CE%B9%CC%81%CE%BD%CF%84%CE%B5%CE%BF%20%CF%84%CE%BF%CF%85%20%CE%B4%CF%85%CF%83%CF%84%CF%85%CF%87%CE%B7%CC%81%CE%BC%CE%B1%CF%84%CE%BF%CF%82%20%CF%83%CF%84%CE%B1%20%CE%A4%CE%B5%CC%81%CE%BC%CF%80%CE%B7%20%CE%BA%CE%B1%CE%B9%20%CF%84%CE%B9%CF%82%20%CE%B4%CE%B9%CE%BA%CE%B1%CF%83%CF%84%CE%B9%CE%BA%CE%B5%CC%81%CF%82%20%CE%B5%CE%BE%CE%B5%CE%BB%CE%B9%CC%81%CE%BE%CE%B5%CE%B9%CF%82.pdf,,,,κύρια δίκη|δικογραφία|βιντεοσκόπηση,main_trial|case_file|video_recording
2026-04-02,Το Συμβούλιο Πλημμελειοδικών δέχεται την αποχή και η δίκη παγώνει,The Misdemeanors Council accepts the recusal and the trial freezes,Συμβούλιο Πλημμελειοδικών Λάρισας.,Συμβούλιο Πλημμελειοδικών Larisaς.,"Η δήλωση αποχής γίνεται δεκτή, χρειάζεται νέος δικαστής και η δίκη αναβάλλεται επ’ αόριστον.","The recusal statement γίνεται δεκτή, χρειάζεται νέος δικαστής and η δίκη αναβάλλεται επ’ αόριστον.",Λάρισα.,Larisa.,2026-04-02.,2026-04-02.,Μετά την αποδοχή της αποχής δεν μπορεί να συνεχίσει η ίδια σύνθεση του δικαστηρίου.,Μετά the αποδοχή of the αποχής not μπορεί to συνεχίσει η ίδια σύνθεση of the δικαστηρίου.,39.6390,22.4191,Θεσσαλία,Thessaly,,,,,Gegonota 02/04/2026::https://gegonota.news/2026/04/02/dekti-apochi-tis-proedrou-sti-diki-gia-chamena-vinteo-anavallete-ep-aoriston/|Report PDF::file:///Users/troboukis/Downloads/%CE%91%CE%BD%CE%B1%CE%BB%CF%85%CF%84%CE%B9%CE%BA%CE%B7%CC%81%20%CF%87%CF%81%CE%BF%CE%BD%CE%BF%CE%B3%CF%81%CE%B1%CE%BC%CE%BC%CE%B7%CC%81%20%CE%B3%CE%B9%CE%B1%20%CF%84%CE%B1%20%CE%B2%CE%B9%CC%81%CE%BD%CF%84%CE%B5%CE%BF%20%CF%84%CE%BF%CF%85%20%CE%B4%CF%85%CF%83%CF%84%CF%85%CF%87%CE%B7%CC%81%CE%BC%CE%B1%CF%84%CE%BF%CF%82%20%CF%83%CF%84%CE%B1%20%CE%A4%CE%B5%CC%81%CE%BC%CF%80%CE%B7%20%CE%BA%CE%B1%CE%B9%20%CF%84%CE%B9%CF%82%20%CE%B4%CE%B9%CE%BA%CE%B1%CF%83%CF%84%CE%B9%CE%BA%CE%B5%CC%81%CF%82%20%CE%B5%CE%BE%CE%B5%CE%BB%CE%B9%CC%81%CE%BE%CE%B5%CE%B9%CF%82.pdf,,,,διαδικασία|αναβολή,procedure|adjournment
NaN,Διατάσσεται προκαταρκτική εξέταση για τα χαμένα βίντεο της Θεσσαλονίκης,A preliminary inquiry is ordered over the missing Thessaloniki videos,"Εισαγγελικές αρχές, πρώην και νυν στελέχη του ΟΣΕ και η Interstar Security.","Prosecutorial authorities, former and current OSE officials, and Interstar Security.",Διατάσσεται προκαταρκτική εξέταση με μηνιαία προθεσμία για το γιατί το υλικό από τη Θεσσαλονίκη δεν περιείχε κρίσιμες βιντεοσκοπήσεις φόρτωσης και αναχώρησης.,A preliminary inquiry with a one-month deadline is ordered to examine why the Thessaloniki material lacked key loading and departure footage.,Θεσσαλονίκη / εισαγγελικές αρχές.,Thessaloniki / prosecutorial authorities.,02.2025 (αναφορά περιόδου).,02.2025 (period reference).,Αναδεικνύει ότι η απουσία βίντεο φόρτωσης και αναχώρησης είχε ήδη μετατραπεί σε αυτοτελές ανακριτικό ερώτημα.,It shows that the absence of loading and departure footage had already become a distinct investigative issue.,40.6401,22.9444,Κεντρική Μακεδονία,Central Macedonia,,,,,Report PDF::file:///Users/troboukis/Downloads/%CE%91%CE%BD%CE%B1%CE%BB%CF%85%CF%84%CE%B9%CE%BA%CE%B7%CC%81%20%CF%87%CF%81%CE%BF%CE%BD%CE%BF%CE%B3%CF%81%CE%B1%CE%BC%CE%BC%CE%B7%CC%81%20%CE%B3%CE%B9%CE%B1%20%CF%84%CE%B1%20%CE%B2%CE%B9%CC%81%CE%BD%CF%84%CE%B5%CE%BF%20%CF%84%CE%BF%CF%85%20%CE%B4%CF%85%CF%83%CF%84%CF%85%CF%87%CE%B7%CC%81%CE%BC%CE%B1%CF%84%CE%BF%CF%82%20%CF%83%CF%84%CE%B1%20%CE%A4%CE%B5%CC%81%CE%BC%CF%80%CE%B7%20%CE%BA%CE%B1%CE%B9%20%CF%84%CE%B9%CF%82%20%CE%B4%CE%B9%CE%BA%CE%B1%CF%83%CF%84%CE%B9%CE%BA%CE%B5%CC%81%CF%82%20%CE%B5%CE%BE%CE%B5%CE%BB%CE%B9%CC%81%CE%BE%CE%B5%CE%B9%CF%82.pdf,,,,βίντεο|ανάκριση|Θεσσαλονίκη,videos|investigation|thessaloniki
NaN,Η Ένωση Δικαστών και Εισαγγελέων παρεμβαίνει με ανακοίνωση,The Association of Judges and Prosecutors intervenes with a statement,Ένωση Δικαστών και Εισαγγελέων και ο πρόεδρός της Χριστόφορος Σεβαστίδης.,Ένωση Δικαστών and Εισαγγελέων and ο πρόεδρός of the Christoforos Sevastidis.,"Εκδίδεται ανακοίνωση για ανοιχτή δίκη, γεγονός που η Ζωή Κωνσταντοπούλου καταγγέλλει ως αθέμιτη παρέμβαση.","Εκδίδεται ανακοίνωση for ανοιχτή δίκη, γεγονός που η Zoe Konstantopoulou καταγγέλλει ως αθέμιτη παρέμβαση.",Δημόσια συζήτηση για τη δίκη των βίντεο.,Δημόσια συζήτηση for τη δίκη of the βίντεο.,NaN.,NaN.,Η ανακοίνωση συνδέεται με τη δημόσια αντιπαράθεση για την αποχή της προέδρου και για τις πιέσεις γύρω από τη δίκη.,The ανακοίνωση συνδέεται with τη δημόσια αντιπαράθεση for the αποχή of the προέδρου and for τις πιέσεις γύρω from τη δίκη.,NaN,NaN,NaN,NaN,,,"Ζωή Κωνσταντοπούλου, Χριστόφορος Σεβαστίδης","Zoe Konstantopoulou, Christoforos Sevastidis","Συνέντευξη 05/04/2026, γραμμές 13-19::file:///Users/troboukis/Code/timeline-app/tempi/videos-trial/source-transcriptions/konstantopoulou_5_4_2026.txt",,,,δημόσια σύγκρουση|παρεμβάσεις,public_dispute|interventions
NaN,Καταγγέλλεται αλλοίωση και καταστροφή στοιχείων στο πεδίο,Alteration and destruction of evidence at the scene are alleged,"Κυβερνητικοί φορείς και υποστηρικτικοί μηχανισμοί, όπως τους κατονομάζει η Ζωή Κωνσταντοπούλου.","Κυβερνητικοί φορείς and υποστηρικτικοί μηχανισμοί, όπως τους κατονομάζει η Zoe Konstantopoulou.","Περιγράφονται εξαφάνιση στοιχείων, αλλοίωση στοιχείων, καταστροφή βιολογικού υλικού και μπάζωμα του χώρου.","Περιγράφονται εξαφάνιση στοιχείων, αλλοίωση στοιχείων, καταστροφή βιολογικού υλικού and μπάζωμα of the χώρου.",Τόπος του δυστυχήματος στα Τέμπη.,Tempi crash site.,NaN.,NaN.,Η ομιλήτρια το εντάσσει σε ευρύτερη προσπάθεια συγκάλυψης της υπόθεσης.,The ομιλήτρια το εντάσσει in ευρύτερη προσπάθεια συγκάλυψης of the υπόθεσης.,39.8796,22.5887,Θεσσαλία,Thessaly,,,Ζωή Κωνσταντοπούλου,Zoe Konstantopoulou,"Συνέντευξη 05/04/2026, γραμμή 19::file:///Users/troboukis/Code/timeline-app/tempi/videos-trial/source-transcriptions/konstantopoulou_5_4_2026.txt",,,,μπάζωμα|συγκάλυψη,site_coverup|cover_up
NaN,Καταγγέλλονται ύβρεις προς γονείς και συνηγόρους μέσα στο ακροατήριο,Insults against parents and lawyers in the courtroom are alleged,"Συνήγοροι υπεράσπισης, γονείς θυμάτων, Γιάννης Ψαρόπουλος και Ζωή Κωνσταντοπούλου.","Συνήγοροι defenseς, parents of the victims, Giannis Psaropoulos and Zoe Konstantopoulou.","Η Ζωή Κωνσταντοπούλου περιγράφει χυδαίες επιθέσεις, προκλήσεις και εξυβρίσεις προς γονείς θυμάτων και συνηγόρους.","The Zoe Konstantopoulou περιγράφει χυδαίες επιθέσεις, προκλήσεις and εξυβρίσεις προς parents of the victims and συνηγόρους.",Ακροατήριο της δίκης στη Λάρισα.,Ακροατήριο of the δίκης at the Larisa.,NaN.,NaN.,"Το γεγονός εντάσσεται στη συνολική ένταση που, κατά την ίδια, επιχειρεί να εκφοβίσει την πολιτική αγωγή.","The γεγονός εντάσσεται at the συνολική ένταση που, κατά the ίδια, επιχειρεί to εκφοβίσει the civil action side.",39.6390,22.4191,Θεσσαλία,Thessaly,,,"Ζωή Κωνσταντοπούλου, Γιάννης Ψαρόπουλος","Zoe Konstantopoulou, Giannis Psaropoulos","Συνέντευξη 05/04/2026, γραμμές 63-67::file:///Users/troboukis/Code/timeline-app/tempi/videos-trial/source-transcriptions/konstantopoulou_5_4_2026.txt",,,,ένταση|ακροατήριο,tension|courtroom
NaN,Μέρος του υλικού μένει εκτός δικογραφίας και φυλάσσεται στο σπίτι,Part of the material stays out of the case file and is kept at home,Ο πραγματογνώμονας Πατζόπουλος.,The expert witness Patzopoulos.,Κρατά βίντεο από το βράδυ του δυστυχήματος και από επόμενες ημέρες στο σπίτι του και δεν τα ενσωματώνει στην έκθεση πραγματογνωμοσύνης.,Κρατά βίντεο from το βράδυ of the δυστυχήματος and from επόμενες ημέρες at the σπίτι of the and not τα ενσωματώνει in the έκθεση πραγματογνωμοσύνης.,Σπίτι του πραγματογνώμονα.,Expert witness's home.,NaN.,NaN.,Δηλώνει αργότερα ότι απέκρυψε υλικό για να μην εκθέσει την υπηρεσία του.,Δηλώνει αργότερα ότι απέκρυψε υλικό for to μην εκθέσει the υπηρεσία του.,NaN,NaN,NaN,NaN,,,Πατζόπουλος,Patzopoulos,"Συνέντευξη 05/04/2026, γραμμή 23::file:///Users/troboukis/Code/timeline-app/tempi/videos-trial/source-transcriptions/konstantopoulou_5_4_2026.txt",,,,πραγματογνωμοσύνη|βίντεο|απόκρυψη,expert_report|videos|concealment
NaN,Ο Καπερνάρος εμφανίζεται με μπράβους και προκαλεί επεισόδιο,Kapernaros appears with bodyguards and causes an incident,Βασίλης Καπερνάρος και άτομα ασφαλείας που τον συνόδευαν.,Vasilis Kapernaros and άτομα ασφαλείας που the συνόδευαν.,Η Ζωή Κωνσταντοπούλου αναφέρει ότι ο Καπερνάρος εμφανίστηκε με μπράβους και δημιούργησε έμπρακτο επεισόδιο.,The Zoe Konstantopoulou αναφέρει ότι ο Καπερνάρος εμφανίστηκε with μπράβους and δημιούργηin έμπρακτο επεισόδιο.,Χώρος του δικαστηρίου στη Λάρισα.,Χώρος of the δικαστηρίου at the Larisa.,NaN.,NaN.,Η ίδια το παρουσιάζει ως κορύφωση του κλίματος εκφοβισμού μέσα στη δίκη.,The ίδια το παρουσιάζει ως κορύφωση of the κλίματος εκφοβισμού μέσα at the δίκη.,39.6390,22.4191,Θεσσαλία,Thessaly,,,"Ζωή Κωνσταντοπούλου, Βασίλης Καπερνάρος","Zoe Konstantopoulou, Vasilis Kapernaros","Συνέντευξη 05/04/2026, γραμμή 67::file:///Users/troboukis/Code/timeline-app/tempi/videos-trial/source-transcriptions/konstantopoulou_5_4_2026.txt",,,,ένταση|ακροατήριο,tension|courtroom
NaN,Ορίζονται ο εφέτης ειδικός ανακριτής και η αναπληρώτριά του,The special appellate investigating judge and his deputy are appointed,Ο εφέτης ειδικός ανακριτής Σωτήρης Μπακαΐμης και η αναπληρώτριά του Σοφία Λυμπεριάδου.,Special appellate investigating judge Sotiris Bakaimis and his deputy Sofia Lymperiadou.,Αναλαμβάνουν τη βασική ανακριτική διαχείριση της υπόθεσης των Τεμπών.,They assume the core investigative management of the Tempi case.,Λάρισα / Εφετείο Λάρισας.,Larisa / Larisa Court of Appeal.,Μάρτιος 2023.,March 2023.,Τοποθετεί τα βασικά πρόσωπα που χειρίστηκαν την κύρια ανάκριση και αργότερα τα αιτήματα για τα βίντεο.,It identifies the key judicial figures who handled the main investigation and later video-related requests.,39.6390,22.4191,Θεσσαλία,Thessaly,,,"Σωτήρης Μπακαΐμης, Σοφία Λυμπεριάδου","Sotiris Bakaimis, Sofia Lymperiadou",Report PDF::file:///Users/troboukis/Downloads/%CE%91%CE%BD%CE%B1%CE%BB%CF%85%CF%84%CE%B9%CE%BA%CE%B7%CC%81%20%CF%87%CF%81%CE%BF%CE%BD%CE%BF%CE%B3%CF%81%CE%B1%CE%BC%CE%BC%CE%B7%CC%81%20%CE%B3%CE%B9%CE%B1%20%CF%84%CE%B1%20%CE%B2%CE%B9%CC%81%CE%BD%CF%84%CE%B5%CE%BF%20%CF%84%CE%BF%CF%85%20%CE%B4%CF%85%CF%83%CF%84%CF%85%CF%87%CE%B7%CC%81%CE%BC%CE%B1%CF%84%CE%BF%CF%82%20%CF%83%CF%84%CE%B1%20%CE%A4%CE%B5%CC%81%CE%BC%CF%80%CE%B7%20%CE%BA%CE%B1%CE%B9%20%CF%84%CE%B9%CF%82%20%CE%B4%CE%B9%CE%BA%CE%B1%CF%83%CF%84%CE%B9%CE%BA%CE%B5%CC%81%CF%82%20%CE%B5%CE%BE%CE%B5%CE%BB%CE%B9%CC%81%CE%BE%CE%B5%CE%B9%CF%82.pdf,,,,διαδικασία|ανάκριση|πρόσωπα,procedure|investigation|people
